ID,Age,Stamina,Strength,Aggression,Interceptions,Penalties,Composure
158023,31,72.0,59.0,48.0,22.0,75.0,96.0
20801,33,88.0,79.0,63.0,29.0,85.0,95.0
190871,26,81.0,49.0,56.0,36.0,81.0,94.0
193080,27,43.0,64.0,38.0,30.0,40.0,68.0
192985,27,90.0,75.0,76.0,61.0,79.0,88.0
183277,27,83.0,66.0,54.0,41.0,86.0,91.0
177003,32,89.0,58.0,62.0,83.0,82.0,84.0
176580,31,90.0,83.0,87.0,41.0,85.0,85.0
155862,32,84.0,83.0,88.0,90.0,75.0,82.0
200389,25,41.0,78.0,34.0,19.0,11.0,70.0
188545,29,78.0,84.0,80.0,39.0,88.0,86.0
182521,28,75.0,73.0,60.0,82.0,73.0,85.0
182493,32,66.0,88.0,89.0,88.0,50.0,82.0
168542,32,78.0,52.0,57.0,50.0,75.0,93.0
215914,27,96.0,76.0,90.0,92.0,54.0,85.0
211110,24,80.0,65.0,48.0,32.0,86.0,84.0
202126,24,89.0,84.0,76.0,35.0,90.0,89.0
194765,27,83.0,62.0,69.0,35.0,79.0,87.0
192448,26,35.0,79.0,43.0,22.0,25.0,69.0
192119,26,38.0,70.0,23.0,15.0,27.0,66.0
189511,29,86.0,77.0,85.0,87.0,60.0,90.0
179813,31,92.0,78.0,84.0,48.0,85.0,82.0
167495,32,43.0,80.0,29.0,30.0,47.0,70.0
153079,30,76.0,73.0,65.0,24.0,83.0,90.0
138956,33,65.0,89.0,92.0,88.0,50.0,84.0
231747,19,83.0,71.0,62.0,38.0,70.0,86.0
209331,26,84.0,70.0,63.0,55.0,61.0,91.0
200145,26,87.0,89.0,87.0,87.0,66.0,84.0
198710,26,70.0,68.0,64.0,55.0,81.0,87.0
198219,27,75.0,44.0,34.0,26.0,61.0,83.0
197781,26,70.0,59.0,58.0,64.0,76.0,86.0
190460,26,92.0,58.0,46.0,56.0,67.0,88.0
189242,26,79.0,61.0,59.0,49.0,70.0,85.0
188567,29,76.0,76.0,43.0,48.0,76.0,86.0
178603,29,66.0,84.0,69.0,92.0,68.0,91.0
176676,30,91.0,78.0,84.0,85.0,59.0,86.0
173731,28,75.0,80.0,65.0,59.0,76.0,86.0
167948,31,41.0,43.0,31.0,27.0,40.0,65.0
167664,30,70.0,85.0,50.0,20.0,70.0,86.0
164240,33,74.0,82.0,76.0,89.0,60.0,81.0
162835,33,41.0,71.0,25.0,22.0,23.0,69.0
1179,40,39.0,69.0,38.0,28.0,22.0,70.0
205600,24,78.0,84.0,81.0,87.0,61.0,82.0
201399,25,72.0,76.0,56.0,22.0,82.0,85.0
201024,27,71.0,94.0,87.0,88.0,33.0,78.0
195864,25,88.0,89.0,78.0,66.0,81.0,87.0
193041,31,39.0,75.0,32.0,20.0,25.0,67.0
192505,25,84.0,94.0,75.0,27.0,78.0,83.0
192387,28,80.0,76.0,77.0,40.0,78.0,81.0
189332,29,91.0,61.0,75.0,84.0,59.0,79.0
175943,31,75.0,42.0,59.0,36.0,79.0,81.0
172871,31,75.0,79.0,84.0,89.0,66.0,83.0
171877,30,84.0,67.0,56.0,72.0,70.0,84.0
168651,30,84.0,66.0,67.0,75.0,82.0,81.0
152729,31,65.0,83.0,72.0,88.0,69.0,86.0
222492,22,79.0,70.0,61.0,34.0,71.0,78.0
218667,23,78.0,48.0,58.0,49.0,68.0,85.0
210257,24,41.0,68.0,35.0,25.0,17.0,70.0
208722,26,84.0,67.0,73.0,35.0,71.0,80.0
203376,26,71.0,92.0,81.0,86.0,62.0,83.0
202652,23,78.0,52.0,38.0,30.0,69.0,77.0
201942,26,90.0,74.0,73.0,58.0,72.0,87.0
201535,25,73.0,84.0,77.0,82.0,43.0,82.0
199556,25,77.0,52.0,89.0,84.0,64.0,93.0
191043,27,92.0,79.0,82.0,82.0,60.0,82.0
190483,27,78.0,63.0,55.0,48.0,77.0,84.0
189596,28,87.0,68.0,57.0,58.0,60.0,83.0
189509,27,75.0,59.0,57.0,78.0,75.0,85.0
188350,29,73.0,67.0,49.0,50.0,89.0,84.0
184432,28,87.0,71.0,82.0,89.0,66.0,78.0
184344,31,71.0,83.0,82.0,90.0,70.0,86.0
184087,29,74.0,79.0,80.0,87.0,58.0,81.0
180206,28,78.0,66.0,70.0,78.0,79.0,86.0
177509,31,69.0,91.0,86.0,86.0,41.0,82.0
176635,29,69.0,57.0,48.0,24.0,67.0,82.0
135507,33,79.0,76.0,87.0,88.0,61.0,79.0
41,34,55.0,58.0,58.0,66.0,71.0,89.0
232363,23,77.0,83.0,86.0,86.0,56.0,80.0
223848,23,85.0,88.0,73.0,78.0,56.0,82.0
220834,22,76.0,61.0,45.0,45.0,62.0,83.0
216594,24,80.0,82.0,73.0,28.0,81.0,89.0
212831,25,32.0,78.0,27.0,11.0,23.0,65.0
212622,23,85.0,65.0,74.0,79.0,44.0,82.0
208421,23,86.0,77.0,69.0,78.0,55.0,83.0
204485,27,76.0,54.0,48.0,39.0,73.0,86.0
197445,26,87.0,71.0,69.0,84.0,80.0,79.0
193747,26,90.0,79.0,71.0,66.0,59.0,78.0
193301,27,79.0,73.0,70.0,42.0,84.0,85.0
192774,27,76.0,82.0,86.0,86.0,26.0,79.0
192366,30,67.0,80.0,91.0,84.0,45.0,80.0
189513,29,78.0,72.0,58.0,81.0,83.0,78.0
187961,29,92.0,81.0,81.0,81.0,71.0,80.0
186153,28,45.0,65.0,40.0,15.0,18.0,65.0
184941,29,83.0,72.0,79.0,46.0,77.0,84.0
184267,28,85.0,49.0,46.0,38.0,75.0,90.0
183907,29,69.0,91.0,81.0,81.0,46.0,84.0
181872,31,83.0,79.0,93.0,84.0,81.0,81.0
181458,29,89.0,78.0,65.0,69.0,76.0,80.0
180930,32,76.0,80.0,51.0,50.0,67.0,83.0
179846,31,78.0,87.0,82.0,86.0,69.0,84.0
179844,29,76.0,92.0,93.0,40.0,75.0,83.0
178518,30,93.0,77.0,88.0,86.0,63.0,84.0
171919,35,61.0,83.0,72.0,83.0,60.0,84.0
170890,31,94.0,76.0,86.0,86.0,56.0,82.0
168609,33,65.0,79.0,83.0,85.0,49.0,81.0
165153,30,75.0,80.0,65.0,22.0,82.0,79.0
164169,32,89.0,74.0,81.0,84.0,65.0,88.0
139720,32,66.0,87.0,87.0,82.0,63.0,81.0
120533,35,60.0,86.0,94.0,85.0,57.0,79.0
41236,36,61.0,86.0,84.0,20.0,89.0,90.0
220793,22,76.0,83.0,87.0,82.0,44.0,75.0
216460,23,67.0,85.0,89.0,85.0,38.0,73.0
212462,25,92.0,68.0,78.0,80.0,68.0,80.0
212218,24,67.0,82.0,75.0,85.0,44.0,77.0
212198,23,89.0,67.0,65.0,70.0,81.0,83.0
212190,22,65.0,94.0,82.0,82.0,32.0,72.0
211300,22,75.0,75.0,58.0,42.0,81.0,79.0
211117,22,90.0,71.0,84.0,74.0,74.0,86.0
209499,24,92.0,79.0,85.0,84.0,91.0,84.0
207865,24,75.0,74.0,80.0,84.0,31.0,79.0
207566,26,84.0,90.0,75.0,84.0,60.0,89.0
205498,26,79.0,66.0,79.0,78.0,84.0,79.0
204970,25,83.0,66.0,56.0,42.0,74.0,82.0
204963,26,84.0,74.0,81.0,83.0,45.0,77.0
202556,24,79.0,80.0,76.0,28.0,75.0,79.0
200104,25,85.0,63.0,60.0,39.0,71.0,82.0
199482,27,36.0,73.0,43.0,25.0,16.0,65.0
198176,26,66.0,80.0,78.0,87.0,41.0,82.0
198009,25,30.0,52.0,25.0,19.0,21.0,65.0
193082,30,78.0,61.0,78.0,62.0,65.0,80.0
192629,30,75.0,60.0,63.0,39.0,82.0,85.0
192563,26,43.0,68.0,28.0,22.0,23.0,66.0
191202,29,84.0,85.0,80.0,86.0,64.0,84.0
190941,28,34.0,55.0,31.0,18.0,20.0,48.0
190584,28,77.0,68.0,76.0,87.0,50.0,79.0
188377,28,89.0,75.0,78.0,81.0,63.0,75.0
186942,27,69.0,72.0,70.0,77.0,76.0,87.0
185020,31,91.0,55.0,54.0,40.0,62.0,79.0
183898,30,73.0,60.0,73.0,38.0,73.0,82.0
181783,32,83.0,85.0,88.0,66.0,76.0,80.0
180403,29,85.0,60.0,44.0,55.0,70.0,79.0
178750,29,41.0,73.0,20.0,22.0,15.0,64.0
178562,30,74.0,67.0,73.0,76.0,78.0,80.0
177413,29,86.0,82.0,82.0,80.0,81.0,89.0
177388,31,73.0,72.0,57.0,37.0,74.0,82.0
176769,34,66.0,63.0,61.0,34.0,84.0,87.0
172879,30,69.0,86.0,88.0,77.0,24.0,82.0
167628,31,37.0,76.0,31.0,25.0,25.0,66.0
167397,32,68.0,75.0,75.0,41.0,81.0,87.0
163587,31,34.0,64.0,35.0,20.0,26.0,67.0
157481,32,55.0,82.0,81.0,86.0,37.0,75.0
143076,30,75.0,48.0,56.0,40.0,72.0,84.0
137186,37,53.0,83.0,66.0,90.0,60.0,88.0
20775,34,65.0,55.0,74.0,24.0,74.0,80.0
9014,34,64.0,67.0,47.0,37.0,78.0,85.0
231443,21,73.0,46.0,54.0,36.0,75.0,75.0
230666,21,84.0,68.0,73.0,32.0,78.0,82.0
230481,26,86.0,70.0,62.0,40.0,77.0,81.0
230375,26,76.0,73.0,88.0,84.0,56.0,71.0
230294,26,56.0,87.0,65.0,32.0,77.0,79.0
225850,22,80.0,84.0,85.0,83.0,50.0,80.0
220971,23,82.0,58.0,78.0,75.0,58.0,79.0
219683,23,87.0,77.0,81.0,76.0,70.0,74.0
213565,22,79.0,63.0,63.0,66.0,68.0,80.0
213345,22,76.0,61.0,36.0,23.0,70.0,75.0
213331,22,63.0,93.0,76.0,80.0,38.0,75.0
212523,24,76.0,72.0,67.0,58.0,71.0,74.0
212188,22,83.0,59.0,63.0,37.0,72.0,74.0
210008,23,82.0,80.0,76.0,80.0,69.0,82.0
209658,23,86.0,70.0,80.0,83.0,60.0,80.0
208808,26,83.0,61.0,60.0,33.0,74.0,78.0
208670,25,86.0,59.0,71.0,62.0,73.0,83.0
208618,27,90.0,57.0,65.0,44.0,56.0,75.0
208418,24,74.0,59.0,61.0,18.0,74.0,75.0
208093,26,72.0,74.0,55.0,40.0,73.0,72.0
207863,29,78.0,86.0,92.0,81.0,47.0,75.0
207410,24,82.0,65.0,77.0,78.0,59.0,72.0
206585,23,37.0,51.0,18.0,21.0,24.0,63.0
206545,26,77.0,63.0,71.0,69.0,65.0,73.0
206113,22,68.0,68.0,63.0,38.0,68.0,74.0
204935,24,45.0,70.0,30.0,24.0,41.0,69.0
204639,27,58.0,77.0,83.0,84.0,37.0,75.0
203574,24,79.0,77.0,79.0,81.0,44.0,80.0
202651,24,77.0,56.0,23.0,20.0,72.0,76.0
202166,24,69.0,66.0,48.0,66.0,63.0,83.0
201995,25,72.0,53.0,67.0,69.0,53.0,82.0
200949,25,75.0,59.0,72.0,50.0,74.0,80.0
200888,26,83.0,89.0,85.0,84.0,52.0,84.0
200724,28,78.0,79.0,78.0,81.0,45.0,73.0
200316,25,31.0,67.0,41.0,22.0,21.0,20.0
199914,27,95.0,77.0,87.0,86.0,53.0,79.0
199845,30,81.0,83.0,73.0,85.0,72.0,85.0
199564,26,85.0,69.0,68.0,81.0,57.0,76.0
198329,27,78.0,72.0,60.0,31.0,77.0,77.0
197965,28,86.0,59.0,68.0,70.0,76.0,85.0
195365,27,88.0,47.0,64.0,75.0,64.0,83.0
194404,28,39.0,63.0,40.0,15.0,22.0,64.0
193698,28,39.0,69.0,32.0,21.0,22.0,52.0
193474,28,89.0,70.0,84.0,87.0,54.0,80.0
192883,29,83.0,62.0,69.0,64.0,72.0,76.0
192638,27,90.0,76.0,75.0,79.0,64.0,76.0
192593,33,32.0,80.0,31.0,20.0,23.0,65.0
190547,30,67.0,90.0,86.0,83.0,39.0,79.0
189712,28,79.0,81.0,86.0,83.0,77.0,85.0
189068,29,82.0,92.0,70.0,39.0,88.0,81.0
188152,26,76.0,38.0,43.0,45.0,68.0,75.0
186627,27,66.0,86.0,70.0,30.0,92.0,81.0
185221,30,85.0,81.0,88.0,83.0,58.0,79.0
184942,28,82.0,74.0,71.0,42.0,79.0,82.0
179944,31,66.0,79.0,85.0,85.0,75.0,77.0
179783,29,32.0,79.0,36.0,23.0,21.0,61.0
178088,30,71.0,37.0,50.0,39.0,81.0,87.0
178086,31,32.0,77.0,41.0,20.0,25.0,63.0
178005,30,45.0,77.0,39.0,22.0,32.0,66.0
177683,29,45.0,68.0,38.0,21.0,24.0,57.0
177610,29,74.0,84.0,90.0,87.0,52.0,80.0
177457,29,86.0,76.0,79.0,86.0,52.0,83.0
176266,31,80.0,67.0,80.0,87.0,61.0,86.0
163705,33,31.0,61.0,37.0,23.0,11.0,64.0
162895,31,56.0,61.0,45.0,50.0,78.0,92.0
162240,30,70.0,89.0,79.0,82.0,63.0,90.0
156616,35,58.0,60.0,51.0,33.0,78.0,85.0
104389,33,31.0,70.0,34.0,19.0,13.0,55.0
53302,34,74.0,81.0,84.0,87.0,75.0,87.0
24630,35,34.0,72.0,32.0,22.0,24.0,64.0
236583,26,20.0,68.0,22.0,13.0,18.0,39.0
235243,18,74.0,87.0,79.0,79.0,40.0,77.0
231866,22,86.0,75.0,63.0,80.0,46.0,78.0
230658,21,78.0,62.0,73.0,75.0,69.0,84.0
230621,19,34.0,72.0,30.0,26.0,24.0,68.0
230258,30,93.0,68.0,75.0,82.0,77.0,81.0
230225,34,76.0,79.0,86.0,82.0,62.0,70.0
230168,30,29.0,79.0,34.0,23.0,14.0,67.0
227055,23,87.0,48.0,60.0,43.0,66.0,85.0
224411,21,81.0,62.0,67.0,50.0,69.0,80.0
223959,22,85.0,66.0,85.0,87.0,48.0,78.0
222737,21,74.0,64.0,53.0,26.0,68.0,78.0
221087,23,42.0,52.0,39.0,16.0,25.0,62.0
220814,22,82.0,76.0,86.0,81.0,34.0,76.0
220440,23,73.0,80.0,80.0,82.0,43.0,74.0
216354,27,76.0,68.0,73.0,21.0,88.0,79.0
216267,24,89.0,66.0,78.0,80.0,55.0,73.0
216194,28,88.0,75.0,88.0,82.0,58.0,71.0
212404,24,80.0,63.0,52.0,66.0,72.0,83.0
212194,22,73.0,69.0,42.0,29.0,54.0,69.0
211320,23,67.0,79.0,72.0,86.0,36.0,70.0
210617,23,55.0,50.0,48.0,50.0,59.0,71.0
210514,24,89.0,66.0,73.0,77.0,46.0,77.0
210413,23,75.0,81.0,84.0,85.0,34.0,76.0
209989,25,87.0,81.0,76.0,79.0,46.0,75.0
209297,25,87.0,61.0,73.0,80.0,65.0,82.0
208830,31,86.0,67.0,92.0,49.0,81.0,82.0
208596,24,83.0,84.0,83.0,31.0,77.0,75.0
208448,26,74.0,62.0,62.0,43.0,66.0,77.0
207494,25,87.0,53.0,73.0,53.0,65.0,84.0
207471,29,61.0,79.0,78.0,54.0,67.0,80.0
205678,28,84.0,58.0,47.0,49.0,75.0,78.0
205452,25,60.0,82.0,88.0,80.0,40.0,72.0
203551,27,90.0,67.0,79.0,78.0,76.0,79.0
203263,25,68.0,89.0,84.0,78.0,44.0,79.0
202371,26,92.0,85.0,73.0,76.0,65.0,78.0
201956,27,69.0,88.0,84.0,83.0,43.0,78.0
201455,25,85.0,91.0,86.0,84.0,45.0,82.0
201400,25,67.0,66.0,44.0,70.0,67.0,80.0
201305,27,72.0,82.0,82.0,82.0,51.0,71.0
201153,25,68.0,78.0,56.0,24.0,70.0,76.0
199987,29,40.0,67.0,25.0,25.0,21.0,61.0
199451,27,69.0,60.0,55.0,44.0,76.0,84.0
198951,27,79.0,76.0,72.0,39.0,69.0,80.0
198950,26,72.0,58.0,46.0,50.0,69.0,74.0
198717,25,76.0,75.0,73.0,23.0,66.0,81.0
198706,25,73.0,67.0,29.0,28.0,56.0,72.0
198164,28,79.0,67.0,56.0,73.0,74.0,80.0
198141,27,67.0,71.0,80.0,86.0,52.0,76.0
197655,27,81.0,94.0,83.0,80.0,65.0,74.0
195093,26,73.0,90.0,65.0,35.0,80.0,75.0
193525,27,87.0,75.0,77.0,78.0,53.0,76.0
193469,29,72.0,87.0,82.0,83.0,46.0,72.0
193283,26,90.0,79.0,84.0,85.0,60.0,81.0
192984,26,44.0,72.0,33.0,16.0,20.0,40.0
192318,26,73.0,68.0,58.0,65.0,77.0,85.0
192227,26,68.0,78.0,82.0,82.0,54.0,73.0
191180,29,62.0,64.0,65.0,69.0,75.0,80.0
189505,30,70.0,47.0,56.0,49.0,66.0,77.0
189125,28,84.0,66.0,68.0,72.0,68.0,82.0
189117,27,36.0,74.0,35.0,18.0,20.0,58.0
188803,30,79.0,62.0,56.0,49.0,72.0,74.0
187936,29,86.0,92.0,87.0,84.0,57.0,85.0
187754,30,78.0,62.0,58.0,51.0,80.0,84.0
186561,27,89.0,67.0,73.0,69.0,75.0,81.0
186345,27,88.0,65.0,70.0,79.0,66.0,73.0
185103,32,84.0,77.0,85.0,81.0,74.0,88.0
184484,28,86.0,68.0,57.0,55.0,79.0,84.0
184431,31,77.0,42.0,75.0,26.0,73.0,82.0
184200,29,78.0,84.0,84.0,44.0,77.0,81.0
184144,30,69.0,46.0,57.0,40.0,71.0,80.0
183711,28,91.0,72.0,77.0,80.0,64.0,78.0
183574,30,71.0,72.0,63.0,41.0,90.0,86.0
183498,33,88.0,77.0,80.0,80.0,45.0,78.0
183376,29,90.0,78.0,91.0,85.0,56.0,75.0
183280,32,84.0,91.0,83.0,83.0,48.0,77.0
181786,32,80.0,86.0,81.0,77.0,49.0,78.0
181291,27,85.0,72.0,64.0,76.0,74.0,82.0
179847,31,74.0,91.0,84.0,85.0,26.0,86.0
178509,31,62.0,88.0,76.0,42.0,83.0,78.0
173521,31,78.0,77.0,82.0,82.0,45.0,72.0
171897,31,84.0,57.0,72.0,73.0,70.0,76.0
170481,31,62.0,88.0,77.0,83.0,69.0,78.0
168530,32,68.0,89.0,83.0,82.0,57.0,71.0
168435,31,34.0,66.0,34.0,20.0,19.0,62.0
168354,32,29.0,58.0,18.0,10.0,21.0,64.0
165229,32,62.0,75.0,86.0,84.0,51.0,75.0
163489,31,31.0,51.0,11.0,15.0,21.0,63.0
158963,32,75.0,65.0,83.0,82.0,72.0,80.0
146530,35,74.0,55.0,78.0,79.0,70.0,80.0
113422,36,70.0,66.0,67.0,29.0,88.0,83.0
106231,37,60.0,82.0,82.0,23.0,82.0,87.0
48940,36,32.0,63.0,17.0,23.0,23.0,63.0
5479,37,43.0,70.0,23.0,22.0,24.0,70.0
231677,20,79.0,71.0,70.0,42.0,74.0,73.0
230271,30,67.0,48.0,41.0,31.0,74.0,77.0
229906,20,76.0,59.0,58.0,21.0,71.0,75.0
229237,22,76.0,84.0,75.0,79.0,40.0,76.0
228702,21,74.0,69.0,62.0,78.0,45.0,86.0
227928,24,91.0,62.0,77.0,80.0,38.0,75.0
226456,22,77.0,67.0,69.0,74.0,46.0,71.0
226271,22,73.0,69.0,66.0,77.0,67.0,77.0
225508,24,72.0,85.0,87.0,81.0,46.0,70.0
222509,21,75.0,62.0,76.0,76.0,55.0,80.0
221992,22,80.0,59.0,64.0,45.0,64.0,77.0
216475,30,82.0,60.0,58.0,59.0,76.0,83.0
216451,26,75.0,63.0,73.0,74.0,67.0,83.0
216409,24,79.0,45.0,63.0,38.0,70.0,79.0
216352,25,84.0,66.0,79.0,81.0,69.0,78.0
216201,24,75.0,85.0,66.0,21.0,64.0,71.0
214997,23,74.0,63.0,41.0,48.0,55.0,74.0
213661,22,69.0,73.0,73.0,82.0,36.0,77.0
212814,25,79.0,68.0,60.0,72.0,66.0,82.0
212151,23,23.0,56.0,20.0,24.0,21.0,61.0
210864,24,87.0,69.0,79.0,80.0,40.0,76.0
210406,24,72.0,54.0,56.0,75.0,51.0,75.0
210243,24,84.0,60.0,75.0,79.0,60.0,81.0
210035,22,83.0,63.0,68.0,80.0,51.0,77.0
209889,24,72.0,49.0,69.0,84.0,44.0,75.0
208135,25,93.0,81.0,78.0,82.0,54.0,74.0
207877,25,72.0,73.0,66.0,20.0,70.0,75.0
207664,31,66.0,74.0,58.0,34.0,80.0,78.0
206467,25,82.0,77.0,63.0,39.0,65.0,76.0
205923,25,85.0,69.0,76.0,79.0,54.0,74.0
205362,25,62.0,78.0,78.0,78.0,52.0,80.0
205175,24,73.0,78.0,67.0,36.0,79.0,72.0
204923,24,84.0,76.0,70.0,55.0,65.0,75.0
204884,23,81.0,81.0,75.0,79.0,50.0,79.0
204024,27,93.0,69.0,78.0,81.0,47.0,78.0
203890,26,90.0,73.0,75.0,79.0,52.0,67.0
203486,25,77.0,62.0,57.0,41.0,83.0,76.0
202857,28,73.0,68.0,59.0,38.0,57.0,77.0
202685,27,76.0,88.0,87.0,40.0,79.0,72.0
201454,27,88.0,68.0,74.0,76.0,76.0,75.0
200726,27,34.0,55.0,23.0,24.0,20.0,63.0
200647,30,64.0,74.0,58.0,46.0,78.0,80.0
200610,25,88.0,82.0,78.0,45.0,72.0,80.0
200454,24,65.0,64.0,59.0,26.0,71.0,82.0
199715,28,80.0,81.0,61.0,25.0,74.0,70.0
199503,25,80.0,75.0,92.0,71.0,63.0,74.0
199434,29,69.0,62.0,56.0,31.0,71.0,82.0
199042,29,87.0,63.0,80.0,74.0,76.0,76.0
196889,25,75.0,48.0,48.0,36.0,68.0,78.0
195086,28,68.0,82.0,87.0,81.0,52.0,70.0
193532,30,84.0,83.0,89.0,84.0,58.0,78.0
193348,26,75.0,73.0,61.0,55.0,65.0,82.0
193165,25,74.0,39.0,45.0,45.0,68.0,85.0
193105,25,28.0,80.0,26.0,23.0,25.0,64.0
192641,26,74.0,85.0,81.0,82.0,53.0,78.0
191740,28,87.0,67.0,86.0,86.0,79.0,84.0
190972,27,85.0,63.0,69.0,60.0,75.0,81.0
190813,25,68.0,54.0,54.0,36.0,67.0,72.0
189881,28,71.0,87.0,83.0,81.0,52.0,67.0
189362,31,86.0,92.0,83.0,48.0,78.0,75.0
189358,29,82.0,39.0,30.0,59.0,80.0,83.0
188988,25,73.0,39.0,48.0,27.0,73.0,77.0
187491,28,74.0,75.0,67.0,32.0,74.0,73.0
187072,29,78.0,69.0,74.0,60.0,80.0,83.0
185239,28,67.0,78.0,70.0,78.0,43.0,78.0
183900,29,73.0,60.0,51.0,36.0,90.0,81.0
182494,32,45.0,68.0,32.0,23.0,24.0,53.0
179784,30,61.0,78.0,78.0,81.0,56.0,84.0
179645,29,76.0,80.0,75.0,79.0,61.0,69.0
177458,29,83.0,77.0,82.0,82.0,34.0,81.0
177326,33,73.0,37.0,52.0,34.0,68.0,64.0
175379,31,65.0,63.0,55.0,43.0,71.0,71.0
173909,31,68.0,78.0,83.0,71.0,67.0,82.0
173771,33,77.0,78.0,83.0,83.0,65.0,82.0
173221,31,86.0,69.0,66.0,67.0,83.0,73.0
172522,29,90.0,70.0,62.0,75.0,64.0,73.0
170368,26,78.0,68.0,84.0,45.0,75.0,78.0
169595,27,78.0,72.0,87.0,81.0,57.0,75.0
169416,29,74.0,67.0,57.0,37.0,72.0,80.0
169195,30,81.0,76.0,58.0,72.0,68.0,68.0
167905,32,79.0,79.0,80.0,82.0,55.0,82.0
164835,33,25.0,65.0,43.0,16.0,22.0,63.0
162347,31,78.0,63.0,74.0,72.0,70.0,86.0
161956,33,69.0,66.0,52.0,70.0,72.0,83.0
159261,35,66.0,76.0,44.0,26.0,84.0,81.0
159145,32,68.0,83.0,52.0,38.0,83.0,82.0
157960,32,76.0,71.0,68.0,68.0,73.0,77.0
156519,28,94.0,73.0,83.0,81.0,64.0,75.0
144622,33,62.0,62.0,66.0,45.0,72.0,79.0
139068,31,74.0,62.0,61.0,31.0,72.0,82.0
138412,32,91.0,71.0,82.0,79.0,83.0,86.0
112316,34,78.0,89.0,72.0,82.0,72.0,76.0
45186,36,54.0,64.0,53.0,35.0,75.0,80.0
239207,21,71.0,80.0,65.0,21.0,67.0,65.0
235790,19,73.0,61.0,40.0,32.0,49.0,80.0
235569,21,78.0,78.0,81.0,73.0,60.0,84.0
234906,20,79.0,61.0,69.0,66.0,63.0,82.0
234153,21,78.0,65.0,49.0,68.0,73.0,76.0
234035,22,80.0,63.0,63.0,75.0,62.0,69.0
230977,24,85.0,52.0,65.0,50.0,64.0,76.0
230347,30,89.0,68.0,69.0,77.0,61.0,82.0
230234,34,89.0,71.0,81.0,79.0,61.0,68.0
230142,21,71.0,59.0,40.0,29.0,52.0,69.0
228229,26,76.0,84.0,82.0,80.0,48.0,74.0
227536,27,91.0,90.0,88.0,26.0,71.0,71.0
226851,22,77.0,74.0,72.0,84.0,51.0,79.0
226790,21,92.0,75.0,85.0,84.0,55.0,74.0
226753,22,39.0,67.0,29.0,15.0,27.0,57.0
226226,22,80.0,67.0,65.0,65.0,60.0,79.0
224334,26,90.0,84.0,88.0,76.0,74.0,86.0
224293,21,78.0,70.0,82.0,75.0,62.0,83.0
221639,24,81.0,79.0,86.0,45.0,75.0,68.0
221540,28,75.0,85.0,88.0,81.0,51.0,75.0
220477,24,67.0,79.0,76.0,82.0,30.0,74.0
219985,26,81.0,75.0,72.0,76.0,56.0,81.0
219809,23,83.0,80.0,87.0,80.0,45.0,68.0
218339,22,89.0,58.0,68.0,76.0,55.0,60.0
216547,25,78.0,40.0,41.0,43.0,59.0,77.0
215785,23,73.0,76.0,54.0,31.0,60.0,79.0
215316,26,42.0,73.0,26.0,21.0,24.0,61.0
214584,31,28.0,82.0,35.0,21.0,20.0,48.0
212692,22,70.0,56.0,39.0,29.0,65.0,74.0
212623,22,75.0,73.0,69.0,52.0,67.0,69.0
211748,24,74.0,67.0,69.0,57.0,70.0,77.0
211688,23,83.0,61.0,73.0,74.0,52.0,67.0
211575,24,76.0,86.0,81.0,74.0,55.0,78.0
211256,25,91.0,63.0,78.0,77.0,46.0,73.0
210896,23,79.0,76.0,72.0,77.0,68.0,75.0
209960,26,43.0,72.0,27.0,26.0,23.0,59.0
208333,24,85.0,83.0,85.0,81.0,60.0,74.0
208128,24,76.0,54.0,57.0,61.0,71.0,78.0
207862,24,74.0,81.0,69.0,80.0,67.0,71.0
207599,25,68.0,85.0,68.0,80.0,48.0,73.0
207439,24,79.0,69.0,79.0,72.0,57.0,74.0
206413,28,82.0,76.0,88.0,82.0,52.0,81.0
205988,22,77.0,75.0,76.0,77.0,53.0,73.0
205705,28,64.0,81.0,82.0,81.0,48.0,69.0
205693,24,72.0,91.0,74.0,30.0,88.0,74.0
205525,25,68.0,34.0,41.0,42.0,57.0,71.0
205114,30,76.0,51.0,49.0,44.0,51.0,76.0
205070,26,83.0,71.0,76.0,68.0,53.0,69.0
204529,24,66.0,78.0,63.0,23.0,67.0,81.0
204399,30,74.0,68.0,68.0,38.0,65.0,74.0
204120,29,35.0,73.0,29.0,22.0,13.0,60.0
203841,26,37.0,73.0,36.0,21.0,22.0,62.0
203747,23,84.0,58.0,72.0,77.0,62.0,70.0
203605,26,86.0,79.0,78.0,72.0,54.0,78.0
203042,25,40.0,79.0,40.0,27.0,42.0,62.0
202849,25,54.0,94.0,84.0,83.0,75.0,77.0
202695,25,69.0,81.0,79.0,79.0,52.0,79.0
202477,24,70.0,54.0,40.0,25.0,77.0,76.0
202335,24,78.0,89.0,91.0,81.0,70.0,77.0
201377,26,72.0,80.0,88.0,81.0,46.0,73.0
201144,29,79.0,71.0,76.0,80.0,68.0,72.0
201119,28,88.0,75.0,63.0,79.0,51.0,79.0
200536,25,79.0,76.0,72.0,74.0,56.0,75.0
200458,24,79.0,69.0,75.0,81.0,60.0,76.0
200318,26,75.0,67.0,61.0,39.0,74.0,76.0
200315,26,73.0,58.0,48.0,26.0,56.0,66.0
199206,29,76.0,77.0,83.0,81.0,51.0,75.0
199110,27,74.0,80.0,50.0,16.0,74.0,75.0
199069,26,83.0,85.0,77.0,33.0,76.0,86.0
198784,24,82.0,72.0,77.0,72.0,69.0,77.0
197853,25,77.0,74.0,86.0,79.0,64.0,75.0
197061,26,73.0,77.0,75.0,83.0,42.0,75.0
195861,28,82.0,84.0,84.0,82.0,50.0,78.0
194879,28,80.0,83.0,66.0,42.0,63.0,69.0
194794,28,60.0,76.0,76.0,54.0,85.0,74.0
194229,27,91.0,69.0,76.0,81.0,23.0,70.0
194022,27,84.0,78.0,81.0,81.0,43.0,77.0
193886,28,66.0,76.0,70.0,51.0,65.0,79.0
193352,25,77.0,75.0,75.0,80.0,83.0,80.0
193061,27,77.0,63.0,66.0,70.0,72.0,78.0
192789,27,77.0,79.0,78.0,80.0,50.0,69.0
191687,29,70.0,90.0,88.0,79.0,52.0,71.0
190815,28,83.0,74.0,72.0,83.0,56.0,81.0
190778,27,40.0,65.0,18.0,21.0,27.0,61.0
190544,26,60.0,58.0,44.0,32.0,75.0,75.0
190286,27,55.0,56.0,55.0,50.0,66.0,65.0
190264,28,74.0,53.0,48.0,26.0,77.0,78.0
189805,27,83.0,84.0,52.0,38.0,64.0,77.0
189690,31,41.0,62.0,24.0,27.0,29.0,62.0
189575,25,64.0,46.0,66.0,45.0,61.0,77.0
189354,30,68.0,58.0,68.0,43.0,58.0,79.0
189251,28,77.0,66.0,58.0,82.0,71.0,80.0
188943,27,45.0,73.0,30.0,22.0,17.0,62.0
188942,27,78.0,92.0,89.0,83.0,65.0,76.0
188829,28,63.0,74.0,76.0,80.0,50.0,77.0
188388,28,68.0,61.0,58.0,32.0,90.0,79.0
188005,28,79.0,75.0,85.0,86.0,48.0,76.0
186569,29,29.0,41.0,25.0,14.0,22.0,45.0
186547,27,68.0,76.0,76.0,84.0,57.0,76.0
186537,31,81.0,78.0,81.0,36.0,80.0,77.0
185122,28,35.0,68.0,34.0,23.0,24.0,45.0
184120,34,50.0,72.0,76.0,80.0,75.0,84.0
183427,28,87.0,65.0,84.0,80.0,65.0,76.0
180819,30,77.0,64.0,76.0,64.0,70.0,80.0
180334,31,85.0,90.0,83.0,81.0,51.0,71.0
180216,29,77.0,69.0,78.0,80.0,55.0,82.0
180175,28,67.0,72.0,63.0,29.0,74.0,74.0
178424,31,85.0,68.0,75.0,80.0,61.0,70.0
177604,32,74.0,65.0,77.0,81.0,61.0,76.0
177600,31,77.0,70.0,74.0,70.0,69.0,73.0
176915,32,75.0,73.0,80.0,77.0,62.0,81.0
176600,31,75.0,64.0,66.0,38.0,81.0,82.0
176376,33,89.0,73.0,79.0,55.0,80.0,82.0
176104,31,72.0,77.0,55.0,49.0,76.0,80.0
173373,31,35.0,75.0,33.0,21.0,16.0,62.0
173208,31,89.0,73.0,79.0,77.0,70.0,75.0
172114,32,82.0,63.0,53.0,36.0,79.0,83.0
171833,28,55.0,66.0,60.0,22.0,75.0,81.0
171579,31,74.0,82.0,84.0,69.0,76.0,83.0
170815,30,77.0,68.0,81.0,82.0,71.0,82.0
166706,33,76.0,86.0,82.0,79.0,39.0,71.0
165109,31,69.0,74.0,75.0,85.0,57.0,76.0
164468,32,61.0,79.0,85.0,78.0,53.0,74.0
163711,33,85.0,68.0,77.0,80.0,49.0,83.0
159147,32,73.0,78.0,77.0,83.0,68.0,80.0
158625,34,62.0,81.0,74.0,79.0,57.0,78.0
156713,33,67.0,83.0,81.0,82.0,79.0,78.0
153244,32,71.0,89.0,80.0,51.0,78.0,80.0
150418,32,60.0,86.0,73.0,20.0,69.0,83.0
148119,32,35.0,72.0,24.0,17.0,10.0,67.0
147782,34,86.0,64.0,88.0,80.0,62.0,77.0
146760,33,80.0,74.0,78.0,76.0,66.0,74.0
146748,36,42.0,66.0,36.0,16.0,21.0,62.0
146562,33,53.0,54.0,64.0,61.0,80.0,88.0
146536,32,82.0,35.0,63.0,69.0,56.0,70.0
142754,34,76.0,72.0,88.0,85.0,60.0,81.0
140293,34,33.0,55.0,32.0,17.0,21.0,65.0
139997,36,74.0,72.0,83.0,85.0,84.0,81.0
121944,33,67.0,75.0,77.0,77.0,77.0,87.0
110677,34,30.0,57.0,22.0,11.0,11.0,60.0
54050,32,74.0,78.0,81.0,56.0,81.0,86.0
49369,34,60.0,72.0,62.0,20.0,74.0,69.0
49031,39,28.0,74.0,22.0,25.0,20.0,66.0
244369,20,74.0,47.0,57.0,39.0,61.0,79.0
239818,21,77.0,78.0,94.0,76.0,45.0,72.0
236632,21,73.0,63.0,52.0,37.0,69.0,78.0
233419,21,87.0,65.0,74.0,52.0,68.0,81.0
232097,21,73.0,32.0,46.0,39.0,57.0,71.0
231943,21,78.0,76.0,82.0,35.0,69.0,77.0
231478,20,75.0,86.0,74.0,31.0,59.0,77.0
230938,21,96.0,87.0,86.0,80.0,82.0,76.0
230498,30,80.0,67.0,43.0,20.0,74.0,73.0
230312,26,23.0,60.0,35.0,12.0,15.0,64.0
230251,30,87.0,82.0,84.0,72.0,72.0,76.0
230212,30,62.0,81.0,88.0,77.0,66.0,70.0
230201,34,85.0,62.0,62.0,77.0,41.0,54.0
229909,26,27.0,70.0,26.0,20.0,15.0,69.0
228941,22,77.0,74.0,76.0,55.0,80.0,75.0
227796,19,74.0,52.0,45.0,32.0,61.0,67.0
227290,26,45.0,79.0,20.0,17.0,9.0,59.0
227234,21,85.0,82.0,85.0,82.0,48.0,71.0
226161,23,75.0,72.0,65.0,80.0,53.0,76.0
225997,24,77.0,72.0,74.0,32.0,63.0,76.0
225953,20,74.0,76.0,44.0,26.0,59.0,75.0
225711,22,76.0,78.0,76.0,77.0,41.0,81.0
225663,22,85.0,54.0,81.0,70.0,52.0,80.0
225647,29,18.0,81.0,27.0,30.0,23.0,51.0
224254,22,92.0,73.0,56.0,49.0,59.0,68.0
224069,25,70.0,77.0,43.0,28.0,69.0,78.0
223682,29,69.0,64.0,73.0,74.0,68.0,69.0
223061,24,87.0,33.0,71.0,59.0,56.0,81.0
222028,22,80.0,63.0,64.0,84.0,50.0,80.0
221660,23,75.0,77.0,78.0,79.0,55.0,76.0
220018,24,80.0,83.0,84.0,29.0,63.0,73.0
219932,22,69.0,76.0,32.0,21.0,69.0,76.0
219576,26,94.0,78.0,88.0,83.0,57.0,73.0
216497,24,68.0,68.0,55.0,39.0,75.0,67.0
216388,21,74.0,66.0,36.0,15.0,47.0,72.0
216150,26,87.0,68.0,75.0,76.0,59.0,73.0
215353,25,71.0,78.0,72.0,22.0,75.0,74.0
215061,28,77.0,76.0,66.0,28.0,72.0,78.0
215057,28,86.0,85.0,84.0,76.0,59.0,76.0
214947,22,83.0,83.0,85.0,79.0,40.0,72.0
213991,23,90.0,76.0,83.0,80.0,58.0,63.0
213516,23,80.0,45.0,64.0,55.0,71.0,69.0
213160,24,90.0,63.0,70.0,75.0,57.0,77.0
212150,22,83.0,52.0,80.0,72.0,60.0,78.0
211368,23,77.0,54.0,64.0,38.0,71.0,72.0
211267,25,91.0,53.0,63.0,38.0,67.0,75.0
210455,24,83.0,64.0,82.0,80.0,46.0,70.0
210411,23,68.0,54.0,73.0,46.0,72.0,80.0
210324,25,81.0,56.0,43.0,47.0,70.0,68.0
208920,23,73.0,75.0,72.0,78.0,48.0,72.0
208334,28,82.0,76.0,71.0,81.0,65.0,78.0
207993,25,79.0,90.0,93.0,73.0,44.0,72.0
207939,28,89.0,80.0,87.0,80.0,60.0,77.0
207732,27,72.0,74.0,65.0,35.0,80.0,70.0
206652,24,36.0,54.0,27.0,19.0,24.0,60.0
206304,27,86.0,82.0,88.0,79.0,87.0,73.0
205407,26,75.0,67.0,65.0,68.0,71.0,74.0
205193,23,70.0,80.0,85.0,74.0,41.0,71.0
205192,24,72.0,57.0,47.0,62.0,63.0,70.0
204638,25,67.0,85.0,79.0,77.0,41.0,68.0
204614,27,91.0,54.0,73.0,77.0,60.0,73.0
204525,27,71.0,78.0,84.0,81.0,39.0,69.0
204311,23,63.0,91.0,83.0,78.0,59.0,67.0
204277,29,88.0,69.0,89.0,78.0,42.0,83.0
204082,25,61.0,84.0,75.0,77.0,45.0,81.0
203775,25,36.0,64.0,21.0,13.0,19.0,60.0
203757,27,68.0,83.0,76.0,29.0,75.0,72.0
203483,25,83.0,69.0,77.0,67.0,75.0,83.0
203362,23,88.0,62.0,49.0,36.0,64.0,72.0
203106,24,78.0,48.0,72.0,52.0,61.0,72.0
202648,24,70.0,68.0,71.0,69.0,55.0,81.0
202562,25,84.0,77.0,75.0,76.0,51.0,72.0
202325,26,93.0,67.0,82.0,79.0,58.0,74.0
202201,26,72.0,78.0,78.0,84.0,42.0,74.0
201862,28,68.0,77.0,92.0,77.0,64.0,73.0
201519,25,79.0,68.0,72.0,76.0,78.0,80.0
201510,25,79.0,72.0,75.0,76.0,54.0,76.0
201508,27,62.0,53.0,69.0,32.0,73.0,77.0
201505,28,75.0,84.0,78.0,80.0,50.0,67.0
201325,32,42.0,73.0,33.0,26.0,16.0,45.0
201143,26,69.0,74.0,69.0,80.0,35.0,74.0
201042,25,91.0,75.0,76.0,75.0,43.0,75.0
200641,28,68.0,63.0,52.0,37.0,75.0,74.0
200260,26,72.0,58.0,63.0,37.0,70.0,73.0
200155,25,91.0,76.0,45.0,69.0,66.0,80.0
199823,25,76.0,73.0,66.0,73.0,69.0,80.0
199767,25,76.0,71.0,69.0,63.0,84.0,84.0
199561,31,70.0,63.0,73.0,50.0,74.0,82.0
199439,24,69.0,79.0,58.0,33.0,64.0,65.0
199416,28,68.0,66.0,63.0,45.0,65.0,67.0
199304,26,82.0,76.0,75.0,81.0,67.0,69.0
199189,24,69.0,77.0,74.0,45.0,65.0,80.0
199005,26,34.0,68.0,36.0,23.0,25.0,64.0
198715,29,73.0,68.0,71.0,35.0,75.0,78.0
198200,27,76.0,76.0,78.0,81.0,50.0,80.0
198118,27,77.0,82.0,81.0,83.0,50.0,74.0
198031,26,74.0,65.0,70.0,72.0,74.0,76.0
197083,30,85.0,70.0,74.0,76.0,83.0,76.0
196978,26,72.0,75.0,73.0,40.0,75.0,78.0
194957,26,64.0,79.0,86.0,80.0,55.0,68.0
194761,27,67.0,67.0,52.0,66.0,62.0,61.0
193738,28,84.0,63.0,75.0,66.0,80.0,72.0
193601,27,55.0,77.0,82.0,80.0,35.0,72.0
193171,30,78.0,63.0,85.0,80.0,56.0,69.0
192991,27,73.0,74.0,75.0,31.0,82.0,77.0
192679,28,83.0,69.0,75.0,81.0,66.0,69.0
192678,28,71.0,79.0,71.0,37.0,70.0,63.0
192598,28,79.0,77.0,68.0,56.0,85.0,76.0
192064,27,75.0,65.0,61.0,33.0,72.0,75.0
191076,27,78.0,70.0,66.0,58.0,70.0,79.0
190456,27,76.0,67.0,76.0,79.0,46.0,75.0
190243,30,39.0,78.0,25.0,23.0,22.0,42.0
190149,29,93.0,73.0,77.0,76.0,55.0,75.0
189682,28,70.0,82.0,82.0,79.0,36.0,74.0
189681,27,82.0,73.0,85.0,79.0,58.0,76.0
189560,30,66.0,84.0,75.0,78.0,73.0,76.0
189461,26,68.0,60.0,81.0,61.0,65.0,80.0
189433,28,63.0,79.0,76.0,79.0,50.0,71.0
189423,29,92.0,83.0,83.0,80.0,63.0,74.0
189271,27,78.0,79.0,91.0,82.0,52.0,74.0
188081,28,83.0,72.0,52.0,67.0,74.0,84.0
187735,28,74.0,66.0,69.0,71.0,65.0,78.0
187347,29,93.0,68.0,65.0,71.0,41.0,73.0
187052,28,81.0,75.0,83.0,81.0,68.0,73.0
186832,29,76.0,75.0,82.0,78.0,64.0,76.0
186148,29,32.0,55.0,32.0,21.0,24.0,61.0
186132,28,77.0,69.0,74.0,75.0,53.0,78.0
185431,30,71.0,77.0,68.0,42.0,70.0,78.0
184949,32,92.0,70.0,76.0,72.0,61.0,70.0
184881,28,72.0,58.0,62.0,31.0,62.0,63.0
184826,29,69.0,59.0,79.0,80.0,85.0,79.0
184134,30,89.0,80.0,84.0,82.0,54.0,76.0
183909,30,63.0,43.0,53.0,41.0,56.0,79.0
183892,31,77.0,82.0,81.0,80.0,49.0,73.0
183580,29,81.0,76.0,60.0,39.0,76.0,82.0
183497,32,33.0,66.0,18.0,23.0,21.0,60.0
183285,28,70.0,91.0,87.0,81.0,40.0,76.0
182002,28,68.0,90.0,77.0,80.0,58.0,71.0
181820,28,68.0,72.0,50.0,30.0,80.0,78.0
178311,31,78.0,60.0,60.0,24.0,78.0,78.0
178224,30,66.0,53.0,59.0,26.0,74.0,79.0
177723,30,42.0,56.0,33.0,26.0,22.0,56.0
177644,31,43.0,79.0,45.0,20.0,23.0,60.0
177633,31,66.0,64.0,62.0,26.0,69.0,70.0
177358,28,79.0,75.0,81.0,81.0,56.0,79.0
176944,30,75.0,91.0,94.0,74.0,64.0,78.0
176731,32,89.0,86.0,89.0,82.0,66.0,76.0
176550,29,29.0,38.0,20.0,25.0,26.0,60.0
173426,30,31.0,72.0,34.0,21.0,41.0,61.0
172723,31,36.0,80.0,42.0,21.0,40.0,61.0
170797,29,60.0,71.0,66.0,80.0,39.0,84.0
169705,28,78.0,70.0,73.0,77.0,52.0,76.0
169115,32,63.0,75.0,76.0,84.0,31.0,74.0
164859,29,69.0,56.0,65.0,35.0,74.0,76.0
164029,34,63.0,71.0,66.0,18.0,70.0,78.0
163264,32,40.0,66.0,31.0,24.0,24.0,62.0
161648,31,51.0,65.0,61.0,36.0,84.0,77.0
160741,31,68.0,80.0,79.0,75.0,54.0,78.0
159065,33,68.0,71.0,73.0,31.0,69.0,78.0
158232,32,64.0,67.0,35.0,32.0,85.0,81.0
158133,33,69.0,78.0,73.0,39.0,79.0,80.0
157301,31,84.0,78.0,58.0,34.0,70.0,75.0
152908,32,75.0,67.0,78.0,77.0,60.0,74.0
150724,31,28.0,61.0,36.0,25.0,30.0,58.0
142707,35,77.0,75.0,61.0,59.0,80.0,84.0
137351,34,72.0,67.0,67.0,87.0,62.0,84.0
124375,32,69.0,79.0,85.0,33.0,79.0,71.0
121933,33,22.0,66.0,25.0,17.0,21.0,49.0
108080,34,76.0,70.0,82.0,82.0,64.0,80.0
53050,34,57.0,82.0,70.0,31.0,79.0,84.0
80,37,61.0,65.0,87.0,66.0,85.0,80.0
242348,24,60.0,61.0,38.0,11.0,77.0,70.0
240130,20,85.0,76.0,83.0,74.0,60.0,68.0
235805,20,78.0,64.0,62.0,30.0,62.0,76.0
235374,24,78.0,49.0,53.0,53.0,58.0,73.0
235212,19,84.0,73.0,67.0,71.0,46.0,72.0
232862,23,88.0,34.0,55.0,43.0,64.0,81.0
232432,20,69.0,76.0,57.0,23.0,60.0,73.0
232244,21,92.0,61.0,90.0,85.0,48.0,67.0
231691,19,40.0,70.0,20.0,17.0,16.0,59.0
231281,19,79.0,62.0,73.0,76.0,55.0,74.0
230988,22,71.0,60.0,68.0,70.0,62.0,82.0
230431,26,76.0,88.0,77.0,76.0,67.0,67.0
230360,30,88.0,68.0,73.0,72.0,64.0,80.0
230269,34,75.0,57.0,42.0,32.0,73.0,84.0
230184,30,76.0,33.0,73.0,75.0,49.0,76.0
230020,25,86.0,71.0,71.0,66.0,53.0,76.0
229984,21,84.0,68.0,68.0,74.0,52.0,68.0
229406,24,88.0,68.0,49.0,50.0,75.0,76.0
228881,21,81.0,64.0,78.0,77.0,48.0,74.0
228618,23,82.0,76.0,77.0,75.0,49.0,78.0
228251,22,76.0,69.0,71.0,70.0,49.0,79.0
227476,27,76.0,78.0,90.0,40.0,68.0,79.0
226766,22,72.0,30.0,67.0,21.0,63.0,78.0
226379,32,35.0,74.0,43.0,18.0,23.0,33.0
226377,25,72.0,61.0,42.0,23.0,77.0,77.0
226168,21,96.0,74.0,68.0,68.0,45.0,75.0
226078,23,78.0,67.0,45.0,22.0,66.0,74.0
225309,21,77.0,66.0,48.0,62.0,65.0,69.0
225161,21,66.0,69.0,74.0,82.0,45.0,76.0
225100,21,74.0,80.0,70.0,81.0,26.0,69.0
224458,21,82.0,72.0,80.0,54.0,61.0,83.0
224309,23,75.0,66.0,61.0,69.0,69.0,62.0
224116,28,82.0,83.0,80.0,25.0,75.0,68.0
224031,25,79.0,79.0,71.0,73.0,58.0,72.0
223952,25,43.0,76.0,24.0,18.0,23.0,58.0
223874,23,71.0,55.0,51.0,72.0,65.0,77.0
223689,25,84.0,86.0,73.0,34.0,73.0,78.0
223627,29,82.0,89.0,67.0,43.0,74.0,71.0
222994,24,90.0,80.0,86.0,78.0,38.0,71.0
222709,29,88.0,71.0,83.0,82.0,58.0,77.0
221342,20,74.0,65.0,65.0,69.0,37.0,62.0
220523,23,79.0,87.0,80.0,73.0,53.0,80.0
220407,29,40.0,60.0,26.0,25.0,20.0,59.0
219693,25,64.0,84.0,82.0,75.0,41.0,72.0
217940,26,77.0,70.0,81.0,80.0,41.0,64.0
216816,22,74.0,72.0,70.0,24.0,71.0,76.0
216700,25,81.0,70.0,73.0,31.0,54.0,73.0
216655,26,65.0,82.0,75.0,79.0,50.0,67.0
216435,23,86.0,52.0,57.0,72.0,56.0,74.0
216393,21,73.0,69.0,70.0,71.0,76.0,81.0
216373,30,86.0,64.0,74.0,74.0,41.0,73.0
216266,22,77.0,76.0,80.0,75.0,46.0,73.0
216189,26,92.0,80.0,86.0,71.0,54.0,69.0
216065,26,37.0,66.0,23.0,29.0,21.0,59.0
215792,25,67.0,78.0,75.0,79.0,54.0,75.0
215466,26,67.0,86.0,78.0,80.0,26.0,70.0
215333,27,66.0,91.0,60.0,20.0,68.0,76.0
215330,23,75.0,74.0,48.0,36.0,57.0,73.0
215259,25,80.0,58.0,44.0,33.0,60.0,71.0
214766,29,84.0,80.0,74.0,80.0,51.0,58.0
214394,24,93.0,77.0,84.0,80.0,32.0,76.0
214026,25,70.0,70.0,75.0,72.0,67.0,69.0
213732,24,24.0,65.0,21.0,25.0,19.0,58.0
213655,22,74.0,70.0,46.0,24.0,59.0,72.0
213400,25,93.0,60.0,72.0,64.0,49.0,76.0
213296,23,75.0,72.0,74.0,77.0,81.0,79.0
212977,23,70.0,79.0,74.0,79.0,39.0,69.0
212811,24,75.0,73.0,70.0,72.0,68.0,70.0
212501,23,89.0,87.0,73.0,78.0,44.0,74.0
212213,25,87.0,59.0,68.0,69.0,78.0,82.0
212196,23,80.0,64.0,52.0,51.0,66.0,74.0
212187,24,85.0,66.0,72.0,69.0,41.0,71.0
212153,24,85.0,71.0,74.0,80.0,40.0,74.0
211706,25,81.0,68.0,75.0,77.0,45.0,69.0
210935,23,70.0,65.0,85.0,26.0,74.0,74.0
210665,26,79.0,78.0,73.0,74.0,67.0,70.0
210513,25,44.0,38.0,43.0,35.0,71.0,75.0
209307,27,36.0,72.0,24.0,15.0,21.0,68.0
208777,23,71.0,38.0,58.0,67.0,64.0,82.0
208620,25,79.0,75.0,70.0,75.0,68.0,74.0
208520,28,90.0,74.0,79.0,74.0,36.0,68.0
208450,22,75.0,68.0,69.0,68.0,70.0,74.0
208330,23,68.0,59.0,41.0,36.0,60.0,70.0
208268,23,69.0,70.0,64.0,66.0,58.0,70.0
208104,25,32.0,71.0,19.0,26.0,13.0,46.0
207948,22,75.0,64.0,60.0,45.0,69.0,73.0
207791,24,87.0,78.0,84.0,48.0,59.0,68.0
207421,23,73.0,60.0,47.0,18.0,75.0,84.0
206511,24,77.0,67.0,66.0,75.0,57.0,76.0
206058,25,87.0,68.0,74.0,76.0,49.0,72.0
205976,25,74.0,71.0,38.0,28.0,65.0,75.0
205943,28,66.0,72.0,76.0,79.0,51.0,69.0
205850,29,66.0,84.0,60.0,24.0,64.0,73.0
205659,24,43.0,55.0,33.0,19.0,31.0,59.0
205633,29,75.0,68.0,65.0,73.0,68.0,77.0
205431,25,73.0,83.0,67.0,24.0,77.0,72.0
205083,29,66.0,67.0,70.0,76.0,72.0,63.0
204838,27,76.0,78.0,80.0,51.0,90.0,74.0
204819,27,92.0,84.0,75.0,62.0,73.0,81.0
204385,27,75.0,88.0,86.0,25.0,77.0,77.0
204259,26,90.0,69.0,79.0,75.0,56.0,76.0
204240,27,34.0,68.0,36.0,16.0,19.0,62.0
203895,26,75.0,50.0,52.0,62.0,64.0,81.0
203886,27,82.0,69.0,80.0,74.0,55.0,75.0
203487,24,70.0,84.0,83.0,76.0,19.0,71.0
203485,24,71.0,79.0,75.0,76.0,42.0,73.0
203299,27,67.0,72.0,53.0,34.0,68.0,73.0
202935,28,78.0,74.0,89.0,79.0,36.0,67.0
202851,27,59.0,58.0,53.0,37.0,69.0,75.0
202642,26,80.0,69.0,80.0,80.0,61.0,70.0
201262,27,94.0,48.0,56.0,69.0,76.0,79.0
201046,26,68.0,69.0,52.0,30.0,68.0,76.0
200677,27,75.0,79.0,81.0,80.0,35.0,70.0
200607,28,68.0,78.0,76.0,81.0,55.0,73.0
200529,28,75.0,83.0,59.0,43.0,76.0,79.0
199986,31,74.0,78.0,84.0,77.0,47.0,65.0
199915,26,64.0,82.0,80.0,78.0,36.0,72.0
199827,31,68.0,80.0,85.0,75.0,62.0,68.0
199602,26,64.0,82.0,75.0,34.0,81.0,78.0
199577,26,68.0,78.0,70.0,81.0,41.0,68.0
199576,26,75.0,82.0,88.0,80.0,54.0,72.0
199354,29,70.0,69.0,67.0,38.0,79.0,75.0
198648,30,66.0,70.0,71.0,72.0,84.0,84.0
198513,26,47.0,77.0,27.0,21.0,13.0,44.0
197948,27,73.0,83.0,81.0,81.0,43.0,77.0
197242,28,75.0,83.0,80.0,76.0,78.0,80.0
197225,29,87.0,61.0,66.0,42.0,76.0,78.0
196934,25,76.0,62.0,75.0,66.0,78.0,82.0
143001,34,73.0,74.0,77.0,34.0,74.0,80.0
184477,26,61.0,90.0,92.0,64.0,46.0,60.0
182945,30,71.0,59.0,59.0,51.0,75.0,78.0
158626,32,74.0,72.0,79.0,76.0,66.0,75.0
172962,27,85.0,69.0,62.0,73.0,75.0,75.0
173474,30,92.0,65.0,76.0,75.0,70.0,78.0
178085,30,55.0,68.0,72.0,74.0,73.0,71.0
189606,30,88.0,78.0,84.0,77.0,59.0,75.0
171688,30,83.0,66.0,81.0,76.0,54.0,82.0
158121,30,28.0,65.0,22.0,22.0,15.0,58.0
153260,40,54.0,76.0,76.0,79.0,64.0,70.0
193198,26,91.0,88.0,83.0,74.0,74.0,71.0
184252,30,74.0,91.0,78.0,47.0,78.0,71.0
186302,30,77.0,58.0,39.0,42.0,70.0,80.0
159171,32,60.0,57.0,46.0,40.0,66.0,68.0
193476,28,73.0,50.0,47.0,56.0,72.0,72.0
187598,27,53.0,69.0,78.0,82.0,64.0,74.0
174543,35,41.0,69.0,40.0,23.0,23.0,64.0
180432,33,71.0,72.0,54.0,70.0,75.0,78.0
186581,32,68.0,69.0,48.0,44.0,76.0,80.0
187607,29,77.0,93.0,75.0,30.0,77.0,70.0
182744,34,79.0,73.0,89.0,71.0,57.0,72.0
161754,31,76.0,79.0,86.0,78.0,61.0,80.0
163806,31,33.0,62.0,34.0,15.0,23.0,58.0
182495,31,69.0,72.0,78.0,80.0,50.0,76.0
189156,29,59.0,77.0,85.0,76.0,62.0,79.0
169706,29,92.0,77.0,80.0,79.0,60.0,80.0
173546,29,65.0,79.0,80.0,78.0,43.0,74.0
180714,32,34.0,71.0,35.0,21.0,12.0,65.0
170733,31,78.0,55.0,51.0,39.0,63.0,68.0
189165,26,76.0,71.0,84.0,63.0,71.0,78.0
156142,31,66.0,72.0,63.0,46.0,61.0,83.0
178415,30,92.0,75.0,79.0,76.0,81.0,76.0
178416,30,74.0,77.0,53.0,23.0,67.0,76.0
164082,33,74.0,67.0,75.0,78.0,59.0,81.0
193011,27,68.0,78.0,79.0,78.0,35.0,70.0
150516,33,70.0,83.0,70.0,36.0,83.0,79.0
173306,31,78.0,67.0,78.0,75.0,52.0,81.0
172287,32,81.0,78.0,90.0,79.0,71.0,74.0
184575,29,74.0,60.0,73.0,33.0,73.0,77.0
205569,23,78.0,57.0,67.0,65.0,80.0,79.0
177666,31,79.0,77.0,72.0,39.0,72.0,75.0
185090,29,80.0,65.0,51.0,32.0,79.0,77.0
229636,23,67.0,75.0,57.0,30.0,70.0,76.0
167431,31,71.0,65.0,64.0,76.0,58.0,81.0
236295,21,77.0,60.0,60.0,78.0,43.0,70.0
177159,30,76.0,60.0,71.0,65.0,53.0,70.0
215051,28,55.0,79.0,79.0,79.0,48.0,75.0
183820,30,71.0,58.0,45.0,32.0,68.0,68.0
189196,29,86.0,81.0,73.0,49.0,61.0,64.0
208141,24,73.0,79.0,73.0,71.0,66.0,69.0
146701,33,67.0,90.0,84.0,77.0,65.0,66.0
181262,30,80.0,84.0,72.0,74.0,64.0,77.0
203535,23,85.0,75.0,84.0,75.0,53.0,80.0
199952,27,69.0,40.0,52.0,45.0,72.0,71.0
203280,28,80.0,61.0,65.0,44.0,76.0,77.0
156432,34,67.0,89.0,63.0,34.0,80.0,77.0
135697,35,54.0,72.0,61.0,29.0,80.0,80.0
183569,29,76.0,76.0,55.0,40.0,68.0,75.0
146963,35,67.0,81.0,82.0,74.0,38.0,60.0
212755,23,85.0,73.0,80.0,78.0,54.0,77.0
219411,25,74.0,59.0,27.0,37.0,58.0,72.0
220948,27,78.0,73.0,54.0,79.0,41.0,76.0
187924,27,66.0,73.0,63.0,62.0,78.0,78.0
207894,28,73.0,78.0,83.0,80.0,47.0,73.0
175895,29,75.0,83.0,75.0,65.0,72.0,75.0
176919,32,38.0,79.0,33.0,29.0,12.0,65.0
214040,27,89.0,81.0,72.0,72.0,55.0,70.0
220697,21,67.0,40.0,56.0,45.0,74.0,76.0
162329,33,81.0,73.0,83.0,75.0,69.0,83.0
184089,29,69.0,54.0,47.0,39.0,65.0,84.0
198683,26,63.0,71.0,57.0,18.0,72.0,71.0
135451,37,27.0,64.0,40.0,20.0,41.0,59.0
186395,28,76.0,59.0,73.0,49.0,72.0,72.0
188955,28,80.0,75.0,52.0,39.0,71.0,78.0
146460,34,69.0,77.0,82.0,82.0,60.0,86.0
230685,25,83.0,61.0,64.0,51.0,75.0,74.0
219681,24,78.0,70.0,72.0,73.0,65.0,67.0
231969,25,78.0,69.0,72.0,62.0,66.0,75.0
186146,27,74.0,75.0,75.0,32.0,70.0,76.0
221219,23,79.0,80.0,76.0,75.0,47.0,72.0
200228,28,71.0,88.0,81.0,78.0,42.0,69.0
210212,27,86.0,60.0,70.0,44.0,61.0,66.0
202789,26,31.0,67.0,26.0,13.0,22.0,32.0
224294,21,78.0,63.0,79.0,69.0,61.0,74.0
215079,32,74.0,78.0,92.0,72.0,59.0,74.0
230183,30,89.0,82.0,94.0,67.0,77.0,77.0
110376,32,70.0,69.0,58.0,45.0,78.0,77.0
211241,26,77.0,64.0,61.0,72.0,64.0,72.0
185132,29,76.0,79.0,76.0,80.0,51.0,70.0
190765,27,93.0,71.0,66.0,67.0,65.0,78.0
163631,33,64.0,55.0,74.0,77.0,90.0,84.0
183855,30,64.0,80.0,72.0,80.0,39.0,69.0
200752,27,75.0,82.0,88.0,77.0,37.0,72.0
196144,31,75.0,85.0,75.0,47.0,70.0,73.0
221491,21,78.0,77.0,69.0,79.0,37.0,65.0
196147,32,80.0,76.0,72.0,43.0,78.0,74.0
157492,34,71.0,63.0,57.0,46.0,76.0,73.0
182836,29,50.0,92.0,88.0,45.0,73.0,76.0
204341,30,72.0,72.0,76.0,78.0,47.0,72.0
142902,34,37.0,78.0,35.0,23.0,15.0,52.0
196150,33,67.0,75.0,80.0,25.0,72.0,82.0
227127,23,42.0,68.0,34.0,20.0,24.0,55.0
199737,27,68.0,68.0,59.0,24.0,77.0,80.0
223033,21,67.0,72.0,75.0,79.0,51.0,63.0
213051,25,92.0,68.0,73.0,76.0,62.0,77.0
214332,28,79.0,78.0,87.0,81.0,72.0,77.0
209981,27,43.0,69.0,25.0,12.0,24.0,57.0
189757,28,75.0,86.0,69.0,31.0,66.0,80.0
215871,24,78.0,66.0,68.0,42.0,58.0,75.0
219455,24,74.0,71.0,65.0,37.0,62.0,74.0
230463,30,73.0,64.0,48.0,45.0,67.0,71.0
183871,30,73.0,57.0,71.0,48.0,73.0,77.0
205632,23,85.0,78.0,83.0,67.0,70.0,74.0
169792,28,76.0,72.0,41.0,44.0,77.0,75.0
162369,33,51.0,77.0,83.0,30.0,83.0,79.0
189250,28,72.0,85.0,72.0,33.0,65.0,76.0
189506,30,68.0,59.0,83.0,78.0,61.0,78.0
203843,30,83.0,73.0,80.0,75.0,67.0,65.0
148803,34,53.0,78.0,69.0,27.0,62.0,81.0
216643,23,74.0,65.0,60.0,75.0,46.0,70.0
193862,28,64.0,88.0,79.0,77.0,38.0,59.0
204105,26,79.0,72.0,79.0,76.0,78.0,66.0
186953,30,40.0,68.0,30.0,25.0,19.0,50.0
192073,27,77.0,67.0,69.0,70.0,56.0,72.0
192841,33,69.0,54.0,66.0,66.0,69.0,78.0
220746,21,70.0,40.0,58.0,69.0,60.0,77.0
226378,28,68.0,89.0,76.0,19.0,75.0,72.0
178250,32,76.0,88.0,89.0,79.0,61.0,73.0
206411,28,80.0,73.0,92.0,78.0,51.0,75.0
202316,28,79.0,82.0,83.0,68.0,50.0,71.0
140620,32,55.0,74.0,77.0,77.0,44.0,70.0
214092,22,74.0,64.0,43.0,36.0,57.0,70.0
179789,30,65.0,78.0,82.0,78.0,43.0,73.0
115533,34,43.0,76.0,38.0,22.0,23.0,65.0
191053,30,87.0,77.0,82.0,80.0,46.0,74.0
182862,34,74.0,63.0,86.0,78.0,65.0,76.0
190799,30,75.0,76.0,68.0,77.0,75.0,81.0
152912,37,57.0,73.0,75.0,33.0,84.0,82.0
155984,32,68.0,81.0,79.0,82.0,59.0,63.0
137809,34,73.0,75.0,72.0,40.0,83.0,74.0
214097,24,77.0,65.0,72.0,71.0,76.0,76.0
193361,27,65.0,69.0,74.0,69.0,62.0,75.0
223058,25,79.0,59.0,70.0,74.0,63.0,64.0
152916,34,79.0,75.0,86.0,60.0,73.0,83.0
194644,27,83.0,68.0,69.0,78.0,50.0,67.0
185174,28,76.0,65.0,70.0,74.0,68.0,74.0
195671,28,55.0,78.0,67.0,47.0,83.0,78.0
201049,28,61.0,73.0,85.0,78.0,35.0,74.0
153177,31,70.0,66.0,66.0,38.0,72.0,73.0
233049,18,66.0,52.0,39.0,26.0,57.0,64.0
167514,33,77.0,72.0,72.0,82.0,55.0,75.0
207707,29,80.0,71.0,76.0,79.0,49.0,74.0
220253,22,69.0,63.0,48.0,22.0,66.0,76.0
183389,29,78.0,74.0,77.0,18.0,72.0,72.0
188253,27,69.0,71.0,82.0,79.0,60.0,74.0
192350,28,75.0,36.0,59.0,34.0,67.0,74.0
193887,29,67.0,69.0,85.0,43.0,48.0,82.0
140384,31,70.0,85.0,50.0,32.0,72.0,82.0
176994,31,38.0,68.0,35.0,13.0,24.0,61.0
182882,32,77.0,85.0,80.0,79.0,62.0,75.0
183394,28,87.0,88.0,80.0,78.0,60.0,75.0
229476,21,72.0,78.0,76.0,78.0,48.0,72.0
225126,23,76.0,68.0,74.0,85.0,58.0,68.0
215399,24,69.0,76.0,75.0,80.0,54.0,70.0
154472,36,64.0,90.0,76.0,41.0,80.0,73.0
181098,34,70.0,68.0,73.0,78.0,61.0,83.0
193130,27,76.0,67.0,71.0,41.0,77.0,75.0
185195,29,78.0,78.0,78.0,30.0,63.0,82.0
188268,30,71.0,40.0,73.0,42.0,64.0,77.0
188524,29,38.0,61.0,29.0,27.0,12.0,62.0
223597,25,85.0,58.0,65.0,72.0,38.0,65.0
227950,23,71.0,76.0,80.0,81.0,61.0,78.0
50542,35,55.0,54.0,62.0,19.0,74.0,82.0
172143,32,65.0,57.0,65.0,77.0,77.0,70.0
235889,20,61.0,54.0,27.0,29.0,64.0,68.0
208498,26,81.0,78.0,39.0,19.0,76.0,66.0
183666,32,32.0,78.0,29.0,24.0,19.0,57.0
205427,27,82.0,81.0,55.0,47.0,67.0,77.0
216437,23,54.0,81.0,79.0,81.0,45.0,68.0
200054,26,76.0,75.0,71.0,76.0,59.0,76.0
206198,24,69.0,83.0,70.0,75.0,41.0,69.0
226166,20,69.0,79.0,72.0,76.0,45.0,71.0
157304,32,52.0,79.0,77.0,73.0,62.0,72.0
168312,31,76.0,69.0,76.0,75.0,48.0,78.0
212602,24,72.0,72.0,75.0,80.0,53.0,69.0
192123,26,70.0,84.0,74.0,40.0,81.0,77.0
230524,26,61.0,72.0,52.0,23.0,56.0,78.0
213629,24,84.0,77.0,76.0,72.0,60.0,74.0
187517,29,74.0,86.0,77.0,78.0,68.0,66.0
212096,25,72.0,62.0,52.0,45.0,65.0,72.0
143745,31,59.0,68.0,80.0,61.0,73.0,79.0
170370,28,78.0,65.0,72.0,67.0,59.0,73.0
183426,29,74.0,76.0,69.0,77.0,55.0,71.0
188802,30,82.0,75.0,81.0,78.0,46.0,72.0
202884,25,89.0,72.0,68.0,74.0,59.0,74.0
189060,27,68.0,80.0,74.0,80.0,65.0,73.0
193158,26,88.0,67.0,76.0,62.0,66.0,84.0
199559,26,66.0,85.0,40.0,19.0,72.0,74.0
201095,30,38.0,59.0,57.0,15.0,14.0,64.0
212616,24,70.0,68.0,56.0,28.0,70.0,76.0
158856,32,85.0,79.0,72.0,77.0,63.0,79.0
172937,34,55.0,77.0,79.0,45.0,80.0,81.0
188041,29,85.0,64.0,78.0,78.0,63.0,80.0
189324,28,35.0,63.0,35.0,22.0,41.0,61.0
191628,28,31.0,52.0,15.0,16.0,25.0,57.0
229261,21,79.0,83.0,88.0,77.0,39.0,73.0
229773,24,72.0,86.0,77.0,78.0,45.0,73.0
212878,25,69.0,88.0,78.0,37.0,86.0,74.0
213135,23,65.0,76.0,69.0,28.0,65.0,72.0
205201,24,87.0,83.0,81.0,76.0,60.0,72.0
206225,27,65.0,67.0,62.0,61.0,64.0,66.0
212626,23,74.0,77.0,82.0,29.0,72.0,63.0
216466,24,77.0,64.0,87.0,75.0,67.0,72.0
178322,30,76.0,66.0,72.0,77.0,74.0,79.0
215699,25,77.0,67.0,67.0,77.0,43.0,70.0
237715,20,72.0,74.0,60.0,14.0,68.0,72.0
139668,35,34.0,62.0,36.0,22.0,22.0,64.0
212886,23,79.0,78.0,78.0,76.0,53.0,79.0
165526,32,73.0,88.0,79.0,81.0,35.0,74.0
175254,29,54.0,90.0,80.0,43.0,73.0,70.0
199575,29,41.0,54.0,21.0,16.0,12.0,54.0
186521,28,61.0,84.0,79.0,77.0,52.0,70.0
211354,23,79.0,75.0,74.0,72.0,52.0,72.0
53914,35,50.0,77.0,79.0,77.0,55.0,76.0
190875,31,87.0,90.0,86.0,78.0,71.0,75.0
201884,26,74.0,64.0,58.0,66.0,72.0,74.0
210333,29,68.0,60.0,55.0,28.0,70.0,71.0
176285,29,64.0,81.0,83.0,78.0,55.0,67.0
201118,26,86.0,62.0,75.0,74.0,60.0,69.0
152993,34,66.0,94.0,83.0,73.0,58.0,74.0
213666,22,75.0,80.0,79.0,57.0,45.0,78.0
182179,31,63.0,92.0,74.0,78.0,46.0,76.0
134820,33,87.0,77.0,90.0,77.0,74.0,86.0
215716,23,64.0,88.0,89.0,14.0,66.0,76.0
152996,31,86.0,66.0,79.0,81.0,55.0,77.0
152997,34,69.0,75.0,68.0,33.0,79.0,77.0
224933,25,69.0,69.0,40.0,30.0,66.0,74.0
152999,36,65.0,61.0,78.0,39.0,79.0,82.0
224425,23,86.0,68.0,73.0,64.0,52.0,68.0
200875,31,78.0,79.0,71.0,35.0,63.0,71.0
199852,27,81.0,84.0,60.0,31.0,68.0,82.0
194222,28,76.0,80.0,89.0,76.0,32.0,70.0
207537,23,76.0,84.0,74.0,77.0,53.0,76.0
225713,21,66.0,66.0,47.0,22.0,67.0,62.0
230578,21,75.0,82.0,76.0,78.0,49.0,73.0
187570,35,44.0,72.0,38.0,20.0,14.0,56.0
193714,30,71.0,80.0,82.0,77.0,37.0,71.0
221363,21,82.0,75.0,68.0,72.0,55.0,78.0
224179,25,75.0,91.0,42.0,20.0,78.0,80.0
232883,26,74.0,60.0,65.0,74.0,71.0,75.0
206516,23,74.0,59.0,70.0,65.0,66.0,78.0
211381,24,67.0,40.0,47.0,19.0,69.0,69.0
226229,21,74.0,70.0,80.0,75.0,36.0,68.0
184501,27,85.0,79.0,69.0,75.0,59.0,71.0
220854,23,91.0,62.0,60.0,77.0,67.0,76.0
229558,19,61.0,88.0,81.0,75.0,39.0,68.0
188086,29,88.0,71.0,79.0,70.0,63.0,59.0
215223,25,42.0,80.0,28.0,21.0,25.0,62.0
237239,22,71.0,49.0,54.0,65.0,78.0,80.0
198584,28,82.0,94.0,80.0,71.0,62.0,73.0
204472,26,77.0,68.0,78.0,76.0,65.0,68.0
213432,27,72.0,73.0,58.0,23.0,70.0,79.0
166072,34,42.0,71.0,78.0,83.0,48.0,74.0
176571,28,84.0,69.0,78.0,52.0,71.0,74.0
183483,30,63.0,86.0,75.0,10.0,61.0,83.0
156092,41,22.0,62.0,22.0,22.0,21.0,55.0
198077,27,64.0,56.0,58.0,29.0,63.0,65.0
202429,24,79.0,80.0,72.0,73.0,40.0,65.0
203965,24,80.0,66.0,68.0,34.0,62.0,74.0
232381,21,74.0,95.0,80.0,37.0,60.0,75.0
192445,27,62.0,90.0,80.0,29.0,76.0,71.0
208574,25,74.0,74.0,65.0,41.0,64.0,77.0
207807,24,72.0,42.0,65.0,45.0,60.0,68.0
190143,28,74.0,66.0,69.0,78.0,45.0,67.0
222400,22,78.0,63.0,58.0,69.0,51.0,80.0
210625,23,90.0,82.0,74.0,71.0,35.0,71.0
201922,25,72.0,83.0,82.0,76.0,64.0,65.0
221634,24,76.0,49.0,69.0,36.0,54.0,74.0
225474,25,83.0,71.0,67.0,80.0,59.0,68.0
183491,28,66.0,82.0,85.0,75.0,27.0,71.0
186307,28,71.0,64.0,64.0,34.0,75.0,76.0
192708,28,68.0,78.0,60.0,55.0,75.0,72.0
115909,37,55.0,57.0,50.0,37.0,76.0,68.0
212678,24,89.0,65.0,68.0,73.0,62.0,74.0
189127,27,74.0,79.0,80.0,78.0,38.0,74.0
140233,32,34.0,56.0,19.0,23.0,16.0,57.0
172233,31,88.0,67.0,86.0,73.0,69.0,77.0
199626,28,72.0,61.0,77.0,76.0,84.0,80.0
238794,17,79.0,59.0,48.0,26.0,65.0,75.0
138699,32,77.0,67.0,78.0,69.0,68.0,79.0
192715,27,71.0,78.0,79.0,75.0,37.0,65.0
203980,25,65.0,66.0,63.0,32.0,80.0,77.0
137677,34,36.0,65.0,23.0,28.0,41.0,63.0
189390,29,79.0,77.0,76.0,74.0,70.0,74.0
227535,21,83.0,67.0,66.0,66.0,50.0,80.0
232656,20,75.0,79.0,75.0,69.0,41.0,65.0
199633,29,79.0,73.0,76.0,76.0,49.0,76.0
231633,21,69.0,83.0,77.0,78.0,44.0,72.0
190674,27,81.0,77.0,75.0,73.0,66.0,76.0
201939,25,81.0,78.0,74.0,78.0,35.0,79.0
216531,25,74.0,82.0,66.0,27.0,68.0,77.0
230613,20,84.0,70.0,82.0,77.0,52.0,75.0
183512,28,82.0,77.0,85.0,69.0,59.0,75.0
212442,25,34.0,72.0,20.0,18.0,11.0,32.0
224218,22,71.0,58.0,59.0,24.0,66.0,71.0
216796,25,72.0,34.0,80.0,34.0,66.0,67.0
223197,21,71.0,79.0,43.0,29.0,69.0,75.0
186589,29,75.0,81.0,79.0,79.0,58.0,75.0
194781,28,30.0,70.0,13.0,26.0,14.0,48.0
222943,26,71.0,69.0,60.0,52.0,59.0,73.0
170719,30,63.0,30.0,30.0,25.0,71.0,71.0
198368,30,69.0,72.0,73.0,76.0,59.0,65.0
199393,30,67.0,90.0,86.0,77.0,45.0,73.0
189410,28,90.0,68.0,79.0,72.0,73.0,79.0
143587,34,63.0,70.0,73.0,69.0,75.0,78.0
245221,26,74.0,43.0,44.0,25.0,64.0,68.0
173030,30,86.0,71.0,70.0,62.0,73.0,74.0
224232,21,82.0,61.0,82.0,75.0,73.0,74.0
220651,21,86.0,72.0,77.0,73.0,55.0,67.0
230379,30,80.0,88.0,82.0,76.0,47.0,68.0
192492,32,54.0,34.0,54.0,31.0,75.0,69.0
228336,22,69.0,68.0,49.0,73.0,50.0,80.0
198129,29,90.0,77.0,72.0,82.0,40.0,77.0
234226,23,75.0,74.0,78.0,77.0,52.0,68.0
172018,32,58.0,88.0,84.0,73.0,46.0,73.0
199667,27,67.0,78.0,83.0,76.0,52.0,64.0
212212,24,79.0,76.0,90.0,81.0,47.0,69.0
167669,33,65.0,62.0,65.0,43.0,68.0,77.0
236791,23,77.0,78.0,58.0,64.0,66.0,76.0
225018,25,86.0,74.0,86.0,51.0,74.0,85.0
173818,30,48.0,68.0,58.0,32.0,67.0,66.0
208379,30,66.0,77.0,79.0,77.0,35.0,68.0
222715,24,78.0,73.0,80.0,81.0,48.0,74.0
188155,28,86.0,70.0,79.0,75.0,62.0,66.0
198140,27,84.0,76.0,80.0,49.0,70.0,76.0
234236,22,62.0,70.0,59.0,22.0,58.0,77.0
202493,28,70.0,68.0,80.0,73.0,51.0,71.0
220925,24,95.0,62.0,60.0,59.0,64.0,73.0
202750,27,58.0,93.0,79.0,76.0,56.0,76.0
205566,25,81.0,61.0,83.0,72.0,54.0,63.0
188414,32,73.0,44.0,40.0,42.0,73.0,74.0
206591,24,79.0,64.0,69.0,75.0,58.0,80.0
219391,25,84.0,73.0,85.0,78.0,64.0,74.0
225024,21,70.0,72.0,75.0,77.0,40.0,68.0
190209,31,23.0,81.0,38.0,21.0,19.0,62.0
172290,31,61.0,72.0,72.0,78.0,61.0,71.0
197891,25,70.0,46.0,57.0,23.0,63.0,69.0
186115,28,80.0,67.0,72.0,75.0,63.0,73.0
201988,29,65.0,78.0,79.0,76.0,42.0,71.0
220932,28,31.0,73.0,39.0,23.0,22.0,58.0
225028,25,64.0,73.0,74.0,77.0,42.0,68.0
200197,28,74.0,68.0,49.0,43.0,74.0,79.0
202501,24,86.0,76.0,75.0,74.0,55.0,67.0
221445,26,71.0,54.0,65.0,23.0,53.0,65.0
221701,22,64.0,43.0,47.0,27.0,59.0,65.0
212230,23,53.0,41.0,67.0,30.0,79.0,79.0
188166,27,68.0,78.0,54.0,32.0,61.0,67.0
146952,34,44.0,65.0,28.0,18.0,25.0,56.0
172553,29,25.0,67.0,17.0,20.0,12.0,56.0
171018,31,72.0,80.0,73.0,78.0,59.0,74.0
189963,29,33.0,91.0,75.0,38.0,77.0,77.0
188428,30,51.0,73.0,60.0,29.0,80.0,78.0
192012,25,68.0,69.0,64.0,79.0,50.0,67.0
205069,25,77.0,55.0,68.0,73.0,53.0,69.0
161805,33,73.0,74.0,90.0,74.0,67.0,76.0
183568,30,53.0,83.0,73.0,68.0,38.0,67.0
143121,33,70.0,65.0,69.0,60.0,75.0,78.0
210450,24,75.0,89.0,73.0,77.0,39.0,61.0
202515,25,61.0,60.0,29.0,33.0,68.0,74.0
195859,25,70.0,70.0,60.0,39.0,68.0,70.0
200212,30,37.0,82.0,40.0,30.0,23.0,53.0
213013,24,90.0,71.0,66.0,45.0,63.0,67.0
203030,26,61.0,78.0,68.0,79.0,37.0,71.0
211990,24,39.0,68.0,32.0,23.0,18.0,46.0
220182,23,69.0,79.0,71.0,76.0,39.0,76.0
200215,27,68.0,74.0,83.0,79.0,51.0,74.0
238359,20,77.0,68.0,68.0,74.0,66.0,80.0
230936,23,78.0,54.0,65.0,75.0,58.0,76.0
239641,20,89.0,85.0,81.0,74.0,47.0,69.0
186905,28,77.0,78.0,87.0,41.0,77.0,78.0
184858,29,78.0,77.0,53.0,33.0,69.0,67.0
205340,28,66.0,71.0,73.0,79.0,35.0,70.0
224540,22,79.0,72.0,64.0,37.0,64.0,65.0
229148,24,80.0,67.0,74.0,68.0,42.0,69.0
216349,22,68.0,32.0,40.0,54.0,75.0,72.0
185373,30,73.0,68.0,73.0,49.0,71.0,72.0
189725,28,77.0,53.0,71.0,65.0,72.0,67.0
205855,24,68.0,77.0,88.0,25.0,62.0,72.0
214047,27,92.0,75.0,72.0,70.0,68.0,74.0
193311,29,70.0,68.0,86.0,77.0,49.0,75.0
226592,22,73.0,64.0,68.0,64.0,50.0,75.0
241184,21,77.0,74.0,55.0,74.0,38.0,65.0
198946,29,76.0,68.0,77.0,75.0,60.0,72.0
232226,30,33.0,79.0,38.0,12.0,15.0,64.0
176930,31,84.0,67.0,80.0,75.0,66.0,73.0
179746,28,73.0,84.0,80.0,42.0,79.0,75.0
196899,29,74.0,53.0,46.0,31.0,71.0,74.0
229668,23,77.0,77.0,76.0,76.0,45.0,68.0
183332,31,65.0,50.0,55.0,53.0,60.0,78.0
198949,26,77.0,76.0,77.0,71.0,55.0,67.0
235813,22,79.0,65.0,66.0,70.0,68.0,71.0
215590,24,77.0,53.0,70.0,35.0,73.0,73.0
243238,31,71.0,67.0,46.0,41.0,70.0,69.0
191783,25,86.0,74.0,81.0,56.0,69.0,78.0
202024,26,78.0,66.0,60.0,72.0,61.0,76.0
187688,28,56.0,67.0,56.0,47.0,76.0,75.0
199977,29,70.0,73.0,65.0,75.0,46.0,70.0
223273,23,78.0,78.0,76.0,72.0,61.0,74.0
226601,27,60.0,78.0,80.0,76.0,49.0,70.0
189225,30,76.0,80.0,65.0,36.0,74.0,80.0
155946,30,73.0,70.0,82.0,46.0,73.0,77.0
228650,23,73.0,44.0,57.0,29.0,60.0,77.0
224811,25,79.0,88.0,70.0,76.0,34.0,68.0
189484,27,74.0,72.0,72.0,76.0,57.0,74.0
204077,23,64.0,69.0,50.0,30.0,70.0,69.0
144429,32,73.0,67.0,69.0,74.0,65.0,74.0
174381,35,75.0,62.0,72.0,65.0,71.0,80.0
244269,20,73.0,86.0,82.0,75.0,42.0,70.0
196142,33,66.0,65.0,62.0,52.0,64.0,72.0
152879,31,78.0,70.0,85.0,73.0,88.0,77.0
229167,22,75.0,57.0,67.0,26.0,45.0,72.0
184111,27,66.0,87.0,56.0,29.0,71.0,70.0
193839,31,88.0,68.0,70.0,74.0,77.0,80.0
196143,30,87.0,81.0,74.0,44.0,73.0,72.0
219953,26,77.0,61.0,56.0,49.0,62.0,61.0
204338,31,73.0,77.0,75.0,78.0,54.0,72.0
201013,27,82.0,81.0,77.0,24.0,65.0,74.0
230197,30,80.0,61.0,81.0,71.0,66.0,73.0
230453,34,88.0,80.0,83.0,70.0,62.0,80.0
230965,22,91.0,82.0,83.0,78.0,55.0,79.0
246069,27,79.0,59.0,63.0,64.0,63.0,70.0
198198,26,66.0,79.0,82.0,71.0,28.0,69.0
139062,36,37.0,69.0,30.0,19.0,16.0,57.0
213814,24,76.0,65.0,42.0,34.0,69.0,74.0
187702,27,70.0,77.0,56.0,61.0,70.0,72.0
207928,25,55.0,77.0,48.0,38.0,56.0,83.0
191032,26,66.0,75.0,78.0,43.0,66.0,70.0
193338,27,58.0,68.0,60.0,20.0,69.0,76.0
199739,27,71.0,61.0,80.0,54.0,75.0,71.0
14907,40,31.0,55.0,40.0,19.0,20.0,60.0
180283,29,69.0,70.0,68.0,54.0,76.0,81.0
234045,21,70.0,44.0,53.0,18.0,65.0,70.0
226110,23,76.0,56.0,43.0,25.0,62.0,73.0
228414,22,74.0,55.0,61.0,39.0,71.0,80.0
190014,27,69.0,68.0,46.0,48.0,65.0,73.0
206655,28,76.0,65.0,60.0,25.0,70.0,73.0
211263,24,78.0,80.0,70.0,79.0,44.0,70.0
20800,34,60.0,54.0,73.0,43.0,67.0,82.0
208449,25,75.0,70.0,71.0,77.0,47.0,66.0
190531,27,64.0,87.0,89.0,71.0,48.0,58.0
204612,23,80.0,69.0,71.0,76.0,51.0,70.0
189508,31,69.0,59.0,55.0,55.0,71.0,79.0
199493,28,34.0,67.0,24.0,22.0,23.0,56.0
200517,27,74.0,76.0,73.0,75.0,51.0,66.0
211269,26,80.0,70.0,61.0,54.0,68.0,70.0
146758,33,55.0,70.0,73.0,41.0,79.0,76.0
181318,28,75.0,75.0,83.0,70.0,68.0,75.0
234568,19,88.0,73.0,77.0,68.0,61.0,74.0
184392,28,75.0,64.0,74.0,77.0,45.0,76.0
205897,23,69.0,75.0,74.0,72.0,49.0,68.0
210761,24,89.0,72.0,50.0,65.0,67.0,70.0
224075,28,87.0,68.0,61.0,70.0,65.0,74.0
183883,33,85.0,60.0,49.0,37.0,64.0,74.0
185163,33,59.0,81.0,76.0,76.0,45.0,74.0
202828,26,75.0,69.0,60.0,70.0,68.0,67.0
208461,27,90.0,75.0,79.0,81.0,60.0,76.0
226637,22,74.0,71.0,70.0,69.0,40.0,64.0
191565,28,71.0,64.0,65.0,31.0,68.0,77.0
193869,31,82.0,89.0,81.0,78.0,42.0,71.0
213582,24,70.0,78.0,59.0,30.0,69.0,80.0
186190,27,83.0,65.0,75.0,69.0,46.0,67.0
205391,24,81.0,86.0,77.0,73.0,51.0,75.0
228687,20,70.0,76.0,38.0,21.0,75.0,77.0
230224,30,57.0,91.0,82.0,66.0,63.0,71.0
207441,24,66.0,57.0,63.0,35.0,69.0,71.0
216145,26,63.0,73.0,78.0,78.0,37.0,76.0
186961,28,69.0,76.0,83.0,21.0,80.0,80.0
143699,33,77.0,65.0,74.0,75.0,67.0,78.0
162131,33,44.0,86.0,71.0,25.0,70.0,82.0
139860,34,79.0,77.0,82.0,75.0,53.0,69.0
186197,27,66.0,65.0,42.0,46.0,51.0,74.0
199254,26,75.0,64.0,76.0,42.0,72.0,72.0
200278,29,78.0,78.0,88.0,75.0,67.0,70.0
230230,26,68.0,83.0,80.0,72.0,77.0,75.0
215639,22,72.0,67.0,42.0,56.0,67.0,76.0
183895,31,73.0,33.0,65.0,45.0,74.0,76.0
221016,26,76.0,75.0,85.0,80.0,53.0,76.0
186200,27,77.0,68.0,72.0,30.0,78.0,76.0
235353,20,72.0,66.0,53.0,17.0,58.0,75.0
183129,28,63.0,76.0,82.0,75.0,55.0,68.0
223578,29,76.0,81.0,73.0,19.0,76.0,70.0
183130,28,83.0,61.0,73.0,56.0,60.0,70.0
194138,27,72.0,75.0,70.0,33.0,74.0,71.0
169051,32,79.0,90.0,77.0,68.0,76.0,76.0
185181,29,34.0,70.0,35.0,19.0,25.0,57.0
214110,33,33.0,54.0,24.0,24.0,23.0,57.0
216158,25,87.0,78.0,66.0,70.0,58.0,72.0
182879,31,71.0,61.0,53.0,35.0,85.0,77.0
208224,26,70.0,55.0,63.0,50.0,62.0,77.0
47201,35,27.0,61.0,28.0,23.0,25.0,58.0
188770,27,71.0,68.0,68.0,42.0,69.0,71.0
201315,27,68.0,81.0,81.0,78.0,57.0,66.0
217699,30,72.0,82.0,86.0,50.0,74.0,76.0
171875,29,85.0,66.0,88.0,70.0,74.0,77.0
176483,31,66.0,87.0,76.0,74.0,38.0,67.0
182629,36,40.0,52.0,29.0,12.0,23.0,68.0
208230,29,54.0,86.0,92.0,79.0,66.0,68.0
211302,28,69.0,61.0,78.0,19.0,72.0,72.0
230502,30,61.0,69.0,57.0,34.0,64.0,65.0
192358,28,30.0,69.0,26.0,13.0,25.0,57.0
198760,26,84.0,74.0,81.0,67.0,68.0,74.0
202088,25,89.0,68.0,63.0,34.0,62.0,68.0
182888,28,73.0,78.0,77.0,74.0,56.0,71.0
210538,28,78.0,73.0,63.0,72.0,61.0,69.0
230250,26,81.0,73.0,81.0,76.0,61.0,66.0
190059,26,79.0,77.0,72.0,76.0,55.0,76.0
217196,28,69.0,83.0,78.0,78.0,44.0,64.0
228717,25,75.0,63.0,50.0,39.0,62.0,75.0
176237,28,69.0,91.0,80.0,32.0,75.0,70.0
142959,33,41.0,62.0,37.0,22.0,24.0,56.0
209519,24,80.0,80.0,72.0,17.0,66.0,72.0
178031,30,76.0,83.0,75.0,74.0,50.0,69.0
203888,30,64.0,91.0,76.0,76.0,42.0,67.0
231280,23,63.0,65.0,45.0,39.0,47.0,61.0
190577,30,85.0,59.0,79.0,33.0,61.0,65.0
213874,26,84.0,66.0,77.0,75.0,60.0,75.0
189043,29,83.0,62.0,72.0,70.0,81.0,68.0
203128,27,85.0,75.0,75.0,76.0,52.0,72.0
146296,31,43.0,74.0,40.0,26.0,21.0,56.0
223608,28,85.0,67.0,82.0,67.0,53.0,80.0
188536,27,79.0,65.0,53.0,51.0,67.0,74.0
211321,25,71.0,74.0,37.0,24.0,78.0,68.0
164985,35,66.0,72.0,60.0,24.0,74.0,76.0
215162,31,69.0,85.0,76.0,72.0,48.0,56.0
215930,22,69.0,75.0,83.0,75.0,44.0,66.0
219258,25,76.0,90.0,81.0,78.0,43.0,75.0
134779,32,69.0,77.0,69.0,42.0,69.0,76.0
177019,30,68.0,68.0,76.0,83.0,50.0,72.0
197756,26,79.0,70.0,75.0,40.0,74.0,69.0
204156,29,84.0,90.0,84.0,74.0,42.0,70.0
184190,30,55.0,82.0,72.0,78.0,55.0,73.0
230528,30,61.0,83.0,84.0,75.0,42.0,70.0
201858,26,59.0,65.0,68.0,38.0,74.0,75.0
201860,28,61.0,83.0,87.0,75.0,39.0,63.0
208004,26,81.0,74.0,81.0,80.0,42.0,74.0
203910,26,72.0,54.0,80.0,52.0,68.0,73.0
210822,24,77.0,48.0,66.0,73.0,53.0,66.0
168326,31,62.0,86.0,81.0,75.0,45.0,69.0
211591,21,69.0,86.0,69.0,22.0,82.0,76.0
220295,28,80.0,74.0,57.0,42.0,70.0,73.0
209288,26,74.0,49.0,52.0,52.0,63.0,73.0
233096,22,88.0,87.0,76.0,68.0,43.0,67.0
182152,29,72.0,64.0,54.0,59.0,74.0,69.0
215689,23,74.0,92.0,60.0,18.0,65.0,71.0
210315,23,65.0,80.0,54.0,22.0,75.0,62.0
213899,25,80.0,86.0,82.0,73.0,43.0,73.0
200332,25,28.0,79.0,31.0,11.0,20.0,54.0
184716,28,91.0,60.0,81.0,74.0,60.0,83.0
188044,28,74.0,74.0,47.0,39.0,74.0,70.0
205965,26,80.0,72.0,69.0,68.0,47.0,72.0
188045,28,79.0,71.0,66.0,45.0,65.0,66.0
190607,30,74.0,58.0,77.0,24.0,59.0,75.0
213648,22,74.0,75.0,78.0,74.0,51.0,69.0
208017,29,81.0,90.0,78.0,40.0,77.0,73.0
177553,32,75.0,54.0,74.0,74.0,66.0,72.0
161938,33,67.0,81.0,70.0,23.0,75.0,72.0
173204,31,72.0,74.0,70.0,76.0,51.0,76.0
222357,21,71.0,83.0,63.0,41.0,66.0,73.0
201878,26,60.0,64.0,66.0,34.0,70.0,70.0
212888,24,69.0,77.0,79.0,77.0,36.0,68.0
182168,30,61.0,80.0,68.0,80.0,34.0,69.0
199833,27,35.0,82.0,36.0,21.0,16.0,58.0
223641,22,64.0,84.0,73.0,75.0,34.0,59.0
236441,22,88.0,64.0,69.0,68.0,42.0,72.0
194201,27,68.0,90.0,80.0,75.0,39.0,69.0
181402,29,91.0,80.0,80.0,80.0,32.0,76.0
205469,26,79.0,86.0,68.0,82.0,36.0,75.0
211101,22,44.0,35.0,22.0,22.0,22.0,57.0
182941,31,64.0,80.0,88.0,77.0,51.0,78.0
233631,21,73.0,65.0,62.0,41.0,49.0,75.0
168607,32,71.0,53.0,84.0,76.0,63.0,77.0
163488,34,66.0,81.0,82.0,77.0,67.0,78.0
165536,32,73.0,78.0,82.0,78.0,47.0,71.0
177569,30,77.0,64.0,61.0,61.0,69.0,70.0
183714,30,68.0,84.0,74.0,23.0,71.0,77.0
209827,29,75.0,79.0,70.0,30.0,66.0,70.0
189860,27,77.0,65.0,70.0,74.0,60.0,66.0
201893,27,76.0,68.0,87.0,76.0,69.0,69.0
147621,33,78.0,68.0,71.0,42.0,81.0,72.0
190885,27,76.0,65.0,66.0,74.0,48.0,72.0
184999,29,77.0,67.0,70.0,71.0,69.0,74.0
182184,29,89.0,70.0,80.0,78.0,44.0,77.0
188840,31,90.0,75.0,79.0,77.0,50.0,68.0
194728,26,75.0,86.0,82.0,29.0,66.0,73.0
204713,26,66.0,73.0,70.0,45.0,75.0,74.0
235945,21,77.0,66.0,69.0,75.0,55.0,70.0
221354,22,67.0,76.0,67.0,76.0,37.0,73.0
205995,24,75.0,75.0,73.0,70.0,46.0,71.0
152747,31,76.0,54.0,57.0,52.0,62.0,77.0
172203,30,29.0,80.0,43.0,22.0,22.0,56.0
192427,29,81.0,52.0,74.0,70.0,75.0,67.0
201389,25,77.0,71.0,74.0,75.0,64.0,70.0
226221,24,74.0,70.0,77.0,79.0,43.0,68.0
230317,26,23.0,84.0,41.0,27.0,19.0,66.0
220334,25,72.0,60.0,48.0,39.0,69.0,62.0
230318,30,42.0,78.0,40.0,28.0,17.0,63.0
225199,22,76.0,34.0,85.0,77.0,60.0,77.0
189615,28,74.0,62.0,73.0,75.0,59.0,71.0
225201,22,78.0,63.0,70.0,65.0,66.0,68.0
163761,33,70.0,83.0,69.0,78.0,33.0,72.0
186801,28,88.0,84.0,84.0,77.0,52.0,72.0
233138,30,84.0,65.0,45.0,31.0,72.0,64.0
219571,24,73.0,74.0,73.0,70.0,56.0,69.0
197813,28,72.0,73.0,71.0,65.0,76.0,76.0
206517,22,72.0,48.0,48.0,41.0,58.0,75.0
208053,24,68.0,44.0,39.0,31.0,67.0,72.0
186805,28,58.0,68.0,40.0,25.0,68.0,75.0
200630,26,75.0,64.0,44.0,40.0,67.0,74.0
178614,30,75.0,87.0,78.0,74.0,54.0,68.0
188599,33,68.0,64.0,61.0,30.0,75.0,76.0
211385,24,91.0,61.0,89.0,70.0,40.0,64.0
158905,31,68.0,65.0,65.0,78.0,66.0,81.0
158138,31,68.0,65.0,59.0,55.0,76.0,73.0
198843,30,79.0,55.0,62.0,71.0,68.0,60.0
226491,21,88.0,75.0,82.0,71.0,36.0,74.0
220604,27,45.0,68.0,21.0,25.0,25.0,56.0
219581,24,73.0,83.0,79.0,76.0,56.0,67.0
190653,27,80.0,68.0,70.0,43.0,60.0,72.0
193470,26,75.0,70.0,66.0,71.0,49.0,72.0
193983,26,77.0,82.0,73.0,23.0,70.0,73.0
142784,33,70.0,73.0,85.0,81.0,64.0,76.0
230337,30,84.0,67.0,70.0,62.0,67.0,80.0
231361,21,65.0,87.0,76.0,74.0,47.0,69.0
178625,30,85.0,67.0,76.0,78.0,51.0,71.0
216258,24,79.0,60.0,43.0,31.0,67.0,66.0
201155,25,68.0,51.0,63.0,35.0,56.0,68.0
178115,31,70.0,73.0,50.0,57.0,75.0,72.0
171972,30,79.0,71.0,88.0,73.0,64.0,80.0
207557,28,37.0,75.0,27.0,20.0,26.0,45.0
216774,24,65.0,77.0,79.0,75.0,37.0,63.0
228295,22,68.0,76.0,72.0,77.0,38.0,79.0
190919,30,72.0,58.0,52.0,40.0,82.0,83.0
205257,25,81.0,68.0,59.0,32.0,70.0,78.0
209610,30,90.0,64.0,63.0,79.0,56.0,80.0
202445,24,65.0,88.0,75.0,75.0,35.0,62.0
214989,24,83.0,66.0,44.0,57.0,69.0,75.0
231887,21,80.0,69.0,68.0,40.0,60.0,73.0
184271,28,83.0,78.0,82.0,71.0,59.0,77.0
188879,28,70.0,87.0,78.0,74.0,54.0,67.0
198352,26,62.0,85.0,68.0,81.0,43.0,75.0
211408,23,79.0,66.0,79.0,76.0,50.0,70.0
232144,20,64.0,77.0,69.0,78.0,38.0,70.0
218066,25,65.0,73.0,62.0,18.0,70.0,71.0
169426,31,77.0,73.0,74.0,77.0,55.0,62.0
192722,31,71.0,60.0,60.0,39.0,71.0,73.0
189908,27,31.0,58.0,33.0,17.0,22.0,58.0
204757,28,82.0,64.0,56.0,74.0,62.0,74.0
184789,30,65.0,87.0,74.0,41.0,76.0,75.0
198614,30,50.0,75.0,79.0,72.0,46.0,68.0
183766,30,63.0,79.0,77.0,74.0,53.0,67.0
234711,20,66.0,49.0,38.0,30.0,59.0,68.0
138456,33,72.0,63.0,70.0,45.0,77.0,72.0
210648,27,73.0,85.0,83.0,71.0,30.0,60.0
199641,26,30.0,67.0,24.0,13.0,22.0,60.0
220633,22,68.0,59.0,41.0,25.0,58.0,62.0
229593,23,73.0,75.0,50.0,30.0,72.0,70.0
232665,22,68.0,65.0,79.0,73.0,50.0,63.0
229594,21,73.0,49.0,41.0,27.0,58.0,78.0
186330,31,81.0,67.0,70.0,81.0,51.0,71.0
232411,20,71.0,63.0,62.0,69.0,65.0,72.0
124635,32,83.0,77.0,66.0,86.0,68.0,72.0
158942,32,83.0,74.0,70.0,69.0,60.0,74.0
195038,25,74.0,55.0,37.0,24.0,58.0,63.0
228579,21,75.0,68.0,61.0,76.0,59.0,74.0
230371,34,77.0,61.0,64.0,73.0,63.0,72.0
199652,24,71.0,64.0,64.0,60.0,56.0,74.0
229092,23,72.0,69.0,74.0,66.0,53.0,75.0
163301,32,45.0,68.0,40.0,12.0,24.0,69.0
183526,31,67.0,60.0,58.0,37.0,72.0,65.0
226536,25,79.0,87.0,82.0,68.0,33.0,68.0
220905,24,71.0,72.0,76.0,82.0,49.0,74.0
152554,32,82.0,66.0,55.0,75.0,45.0,73.0
208622,26,65.0,62.0,65.0,22.0,66.0,65.0
199151,25,70.0,40.0,74.0,21.0,62.0,79.0
205295,30,54.0,72.0,75.0,48.0,67.0,73.0
155887,30,89.0,78.0,80.0,70.0,68.0,76.0
198640,25,69.0,61.0,32.0,31.0,68.0,79.0
177392,32,71.0,84.0,68.0,35.0,72.0,80.0
178160,31,80.0,72.0,71.0,74.0,75.0,74.0
243952,19,32.0,61.0,22.0,19.0,19.0,56.0
179696,29,78.0,77.0,79.0,79.0,66.0,75.0
167665,33,77.0,66.0,73.0,76.0,68.0,74.0
212722,24,86.0,66.0,76.0,68.0,38.0,72.0
214770,30,93.0,79.0,84.0,75.0,57.0,76.0
179954,29,35.0,68.0,40.0,20.0,18.0,48.0
216820,22,73.0,69.0,38.0,26.0,60.0,74.0
230388,30,52.0,89.0,88.0,71.0,51.0,74.0
216054,28,80.0,79.0,69.0,75.0,55.0,70.0
194806,28,81.0,77.0,76.0,76.0,66.0,68.0
210423,23,74.0,53.0,59.0,38.0,69.0,74.0
210679,27,74.0,80.0,71.0,72.0,45.0,67.0
201976,24,33.0,57.0,16.0,21.0,23.0,57.0
199417,29,22.0,51.0,26.0,16.0,18.0,63.0
212729,25,69.0,31.0,53.0,48.0,81.0,69.0
204538,27,76.0,49.0,62.0,28.0,70.0,75.0
183546,29,89.0,75.0,85.0,75.0,41.0,70.0
188154,27,85.0,63.0,69.0,67.0,66.0,74.0
212219,23,75.0,77.0,78.0,76.0,43.0,66.0
190971,32,74.0,76.0,87.0,70.0,66.0,77.0
228092,20,80.0,88.0,67.0,78.0,46.0,78.0
187132,28,73.0,74.0,91.0,70.0,44.0,73.0
190717,28,70.0,84.0,77.0,40.0,73.0,70.0
199422,27,68.0,67.0,81.0,80.0,64.0,73.0
220414,25,88.0,74.0,70.0,78.0,43.0,64.0
176894,34,62.0,50.0,87.0,42.0,66.0,76.0
221695,22,88.0,76.0,74.0,62.0,64.0,74.0
768,33,48.0,67.0,70.0,81.0,35.0,68.0
216320,23,76.0,78.0,76.0,71.0,56.0,70.0
239872,26,78.0,76.0,72.0,79.0,31.0,59.0
198657,25,89.0,77.0,81.0,72.0,48.0,71.0
212225,25,72.0,84.0,66.0,72.0,34.0,67.0
198658,24,87.0,73.0,74.0,72.0,51.0,77.0
240898,22,58.0,43.0,55.0,60.0,53.0,55.0
222467,24,68.0,64.0,49.0,41.0,73.0,63.0
240900,21,67.0,78.0,74.0,79.0,31.0,56.0
217605,24,90.0,69.0,76.0,75.0,48.0,67.0
210950,30,77.0,42.0,74.0,28.0,79.0,74.0
233478,24,68.0,55.0,52.0,40.0,67.0,74.0
189446,28,72.0,55.0,36.0,60.0,61.0,67.0
215559,23,82.0,67.0,66.0,63.0,57.0,80.0
186119,28,71.0,34.0,67.0,33.0,72.0,70.0
213000,23,68.0,77.0,73.0,74.0,54.0,66.0
230408,26,58.0,60.0,47.0,44.0,64.0,76.0
181256,34,25.0,63.0,38.0,25.0,23.0,63.0
210441,26,69.0,73.0,51.0,28.0,72.0,69.0
217097,25,72.0,37.0,67.0,42.0,65.0,73.0
219145,24,56.0,92.0,75.0,68.0,20.0,69.0
193290,27,77.0,76.0,69.0,31.0,73.0,76.0
204043,27,76.0,74.0,75.0,74.0,49.0,67.0
204555,30,65.0,73.0,63.0,53.0,63.0,73.0
212491,24,78.0,69.0,65.0,67.0,49.0,74.0
163083,32,54.0,81.0,75.0,76.0,48.0,73.0
174859,30,70.0,65.0,80.0,72.0,72.0,69.0
187659,31,74.0,86.0,86.0,74.0,52.0,72.0
189709,29,67.0,91.0,77.0,74.0,39.0,67.0
200206,27,73.0,38.0,46.0,59.0,66.0,76.0
164878,32,64.0,55.0,41.0,41.0,73.0,79.0
216335,28,80.0,66.0,76.0,75.0,55.0,74.0
229391,22,53.0,86.0,78.0,78.0,56.0,79.0
190223,30,85.0,71.0,78.0,74.0,44.0,69.0
195087,29,79.0,79.0,77.0,78.0,47.0,67.0
197136,28,72.0,70.0,66.0,54.0,61.0,81.0
195088,33,77.0,68.0,59.0,58.0,70.0,71.0
156433,35,36.0,75.0,38.0,24.0,44.0,60.0
192274,29,63.0,68.0,70.0,36.0,71.0,68.0
204307,26,77.0,59.0,75.0,70.0,49.0,74.0
203796,27,76.0,58.0,68.0,68.0,70.0,71.0
217877,22,75.0,53.0,30.0,30.0,57.0,68.0
230165,34,32.0,60.0,42.0,15.0,29.0,59.0
205590,29,78.0,75.0,65.0,78.0,54.0,69.0
188182,30,60.0,82.0,72.0,73.0,39.0,66.0
236311,22,64.0,68.0,74.0,58.0,60.0,76.0
181271,29,65.0,58.0,59.0,48.0,71.0,74.0
189207,29,71.0,53.0,75.0,22.0,74.0,75.0
186648,28,87.0,79.0,73.0,76.0,35.0,64.0
205849,27,45.0,59.0,24.0,25.0,19.0,43.0
234777,23,33.0,59.0,31.0,19.0,37.0,46.0
192537,26,83.0,31.0,69.0,35.0,68.0,71.0
186650,34,66.0,58.0,60.0,27.0,80.0,70.0
228635,21,42.0,62.0,27.0,12.0,69.0,62.0
45595,37,34.0,77.0,80.0,79.0,49.0,77.0
189211,32,68.0,74.0,42.0,60.0,79.0,69.0
183068,30,39.0,62.0,54.0,43.0,70.0,61.0
223517,22,81.0,73.0,77.0,77.0,41.0,80.0
187421,29,89.0,69.0,84.0,75.0,69.0,75.0
200478,26,78.0,71.0,75.0,75.0,63.0,74.0
224030,20,73.0,42.0,71.0,64.0,63.0,67.0
194846,28,91.0,64.0,71.0,68.0,25.0,73.0
210463,25,68.0,58.0,72.0,38.0,62.0,72.0
194079,27,79.0,61.0,78.0,46.0,50.0,70.0
216097,33,92.0,81.0,89.0,75.0,53.0,66.0
157217,31,86.0,75.0,76.0,63.0,61.0,70.0
195361,32,75.0,69.0,84.0,75.0,56.0,81.0
137506,34,44.0,62.0,52.0,39.0,68.0,72.0
210722,29,69.0,86.0,49.0,23.0,68.0,71.0
235042,30,66.0,71.0,66.0,57.0,67.0,72.0
107298,35,32.0,78.0,33.0,24.0,13.0,64.0
191011,27,27.0,68.0,12.0,20.0,17.0,63.0
195363,26,63.0,90.0,80.0,70.0,39.0,71.0
212772,29,61.0,73.0,74.0,74.0,37.0,67.0
237604,21,79.0,77.0,71.0,75.0,42.0,61.0
244260,20,63.0,53.0,47.0,27.0,62.0,73.0
186405,29,69.0,77.0,76.0,43.0,76.0,73.0
210214,27,67.0,66.0,58.0,64.0,54.0,67.0
215334,27,71.0,79.0,72.0,34.0,77.0,70.0
193062,27,78.0,79.0,71.0,74.0,53.0,68.0
224808,26,57.0,82.0,75.0,76.0,28.0,68.0
223017,26,74.0,57.0,74.0,69.0,63.0,70.0
184873,31,68.0,86.0,78.0,73.0,49.0,71.0
190761,27,74.0,65.0,79.0,76.0,76.0,77.0
192041,26,72.0,85.0,65.0,76.0,54.0,71.0
202282,26,82.0,68.0,67.0,67.0,52.0,67.0
218154,27,66.0,65.0,56.0,51.0,76.0,75.0
212267,24,64.0,75.0,68.0,37.0,72.0,62.0
236331,23,69.0,78.0,84.0,75.0,32.0,66.0
230189,26,73.0,63.0,67.0,75.0,72.0,68.0
111661,34,40.0,79.0,34.0,24.0,24.0,43.0
221743,24,73.0,61.0,59.0,18.0,69.0,70.0
207920,26,79.0,66.0,67.0,75.0,55.0,69.0
210736,23,74.0,52.0,65.0,75.0,55.0,72.0
217648,27,78.0,41.0,39.0,37.0,56.0,67.0
139313,32,66.0,71.0,77.0,77.0,68.0,70.0
215089,31,85.0,82.0,74.0,70.0,41.0,68.0
140082,36,41.0,49.0,31.0,10.0,22.0,60.0
183346,29,82.0,73.0,62.0,73.0,74.0,76.0
189234,28,72.0,67.0,60.0,72.0,72.0,67.0
182579,33,75.0,79.0,88.0,80.0,63.0,72.0
207412,29,65.0,66.0,36.0,52.0,81.0,77.0
207924,26,86.0,62.0,68.0,73.0,53.0,66.0
159028,33,54.0,77.0,74.0,76.0,52.0,72.0
193844,28,73.0,58.0,48.0,48.0,49.0,67.0
201269,25,32.0,67.0,17.0,12.0,17.0,31.0
171830,35,33.0,93.0,73.0,79.0,33.0,73.0
183606,29,68.0,92.0,87.0,67.0,47.0,66.0
212023,27,70.0,77.0,65.0,38.0,71.0,71.0
214327,29,78.0,29.0,36.0,21.0,73.0,77.0
186935,30,77.0,77.0,72.0,75.0,60.0,73.0
190520,28,74.0,72.0,77.0,82.0,51.0,80.0
210489,23,74.0,65.0,60.0,35.0,64.0,68.0
158777,32,23.0,75.0,27.0,9.0,22.0,38.0
230457,26,87.0,72.0,82.0,72.0,66.0,73.0
173370,33,74.0,65.0,72.0,58.0,78.0,80.0
220475,23,72.0,65.0,68.0,70.0,64.0,66.0
214076,34,34.0,60.0,24.0,23.0,22.0,60.0
201533,25,72.0,73.0,70.0,28.0,68.0,68.0
212541,31,79.0,69.0,85.0,75.0,69.0,68.0
194365,32,74.0,65.0,78.0,48.0,74.0,69.0
147006,35,51.0,58.0,65.0,45.0,85.0,81.0
150590,34,76.0,68.0,75.0,72.0,65.0,78.0
224574,22,87.0,57.0,67.0,67.0,63.0,72.0
183870,30,68.0,60.0,60.0,38.0,70.0,76.0
190782,29,56.0,79.0,89.0,75.0,62.0,75.0
198719,24,69.0,43.0,38.0,22.0,57.0,68.0
199487,29,74.0,86.0,87.0,76.0,44.0,69.0
157503,30,68.0,75.0,82.0,75.0,66.0,75.0
192575,27,91.0,66.0,72.0,74.0,58.0,73.0
209984,25,86.0,76.0,86.0,76.0,46.0,60.0
215616,23,73.0,67.0,48.0,50.0,68.0,66.0
219712,24,74.0,65.0,76.0,76.0,59.0,70.0
49472,35,28.0,69.0,35.0,18.0,22.0,59.0
230465,26,61.0,55.0,31.0,52.0,72.0,71.0
204355,26,79.0,74.0,75.0,77.0,43.0,65.0
215107,23,77.0,52.0,68.0,38.0,64.0,69.0
231235,20,77.0,73.0,75.0,73.0,42.0,72.0
230468,34,82.0,71.0,34.0,45.0,76.0,67.0
188484,27,67.0,73.0,59.0,24.0,76.0,74.0
230469,26,73.0,57.0,65.0,22.0,68.0,75.0
181573,30,86.0,69.0,70.0,74.0,64.0,69.0
202054,29,66.0,69.0,72.0,82.0,43.0,68.0
204102,24,80.0,69.0,74.0,68.0,70.0,78.0
205895,27,77.0,74.0,82.0,75.0,59.0,70.0
221000,27,86.0,77.0,77.0,67.0,65.0,77.0
226376,23,77.0,56.0,51.0,40.0,61.0,71.0
230475,26,55.0,59.0,43.0,38.0,76.0,67.0
225356,26,56.0,37.0,46.0,34.0,53.0,64.0
114764,37,33.0,83.0,38.0,23.0,13.0,56.0
201549,30,74.0,80.0,57.0,29.0,73.0,74.0
202061,29,75.0,84.0,77.0,75.0,65.0,75.0
209997,25,65.0,79.0,74.0,76.0,35.0,69.0
214605,29,90.0,85.0,81.0,76.0,37.0,62.0
220493,23,78.0,65.0,62.0,70.0,22.0,68.0
229453,21,72.0,67.0,50.0,39.0,53.0,72.0
204366,24,68.0,78.0,74.0,37.0,69.0,76.0
206414,27,77.0,83.0,73.0,73.0,37.0,77.0
158543,34,71.0,78.0,78.0,42.0,73.0,80.0
225359,29,69.0,64.0,65.0,47.0,75.0,67.0
163407,34,64.0,77.0,82.0,74.0,57.0,74.0
178255,32,90.0,82.0,74.0,75.0,50.0,73.0
219728,27,74.0,81.0,74.0,42.0,68.0,73.0
170320,30,77.0,78.0,71.0,74.0,52.0,72.0
240976,20,79.0,68.0,77.0,66.0,53.0,72.0
163665,33,65.0,80.0,74.0,73.0,24.0,66.0
172113,31,74.0,72.0,83.0,78.0,51.0,70.0
190034,26,78.0,80.0,75.0,75.0,49.0,55.0
230227,30,54.0,84.0,88.0,66.0,46.0,65.0
233299,21,66.0,79.0,55.0,25.0,68.0,73.0
207444,25,77.0,69.0,68.0,48.0,61.0,69.0
209236,27,70.0,76.0,79.0,75.0,55.0,72.0
219732,23,64.0,60.0,48.0,21.0,61.0,70.0
195668,28,25.0,69.0,23.0,22.0,15.0,54.0
220245,25,89.0,74.0,74.0,71.0,69.0,75.0
230229,26,61.0,76.0,82.0,72.0,66.0,69.0
204886,24,71.0,78.0,80.0,74.0,33.0,65.0
225878,23,77.0,68.0,53.0,43.0,71.0,73.0
201303,26,90.0,64.0,65.0,57.0,54.0,73.0
210007,26,73.0,77.0,62.0,78.0,42.0,70.0
192087,27,84.0,63.0,74.0,74.0,59.0,65.0
206424,30,82.0,37.0,40.0,73.0,49.0,70.0
186456,30,72.0,75.0,69.0,75.0,66.0,80.0
201818,25,88.0,48.0,33.0,24.0,69.0,71.0
202330,27,78.0,58.0,58.0,33.0,63.0,73.0
158810,34,65.0,73.0,77.0,72.0,74.0,77.0
173146,32,64.0,64.0,62.0,70.0,72.0,73.0
206171,29,82.0,74.0,78.0,76.0,48.0,72.0
206427,27,77.0,63.0,67.0,75.0,36.0,63.0
220763,23,75.0,60.0,71.0,75.0,63.0,77.0
229723,22,87.0,63.0,65.0,59.0,69.0,80.0
215644,24,78.0,62.0,35.0,38.0,59.0,69.0
225116,21,29.0,65.0,22.0,22.0,21.0,67.0
193116,29,62.0,78.0,83.0,77.0,68.0,73.0
213597,24,75.0,74.0,54.0,53.0,55.0,78.0
200798,31,29.0,60.0,41.0,21.0,23.0,41.0
222558,23,72.0,69.0,78.0,67.0,52.0,68.0
190558,29,76.0,85.0,82.0,75.0,47.0,60.0
225375,21,84.0,68.0,75.0,73.0,54.0,72.0
179551,28,79.0,77.0,72.0,34.0,71.0,74.0
205408,33,38.0,78.0,77.0,75.0,43.0,74.0
188768,33,75.0,74.0,89.0,75.0,50.0,73.0
189280,28,80.0,66.0,70.0,74.0,55.0,76.0
201313,28,68.0,62.0,51.0,25.0,70.0,74.0
223329,24,87.0,59.0,73.0,73.0,48.0,72.0
176993,27,57.0,40.0,30.0,29.0,71.0,74.0
212067,29,35.0,67.0,22.0,23.0,46.0,32.0
189795,30,73.0,83.0,83.0,47.0,73.0,76.0
206436,23,72.0,58.0,61.0,55.0,76.0,75.0
170084,31,29.0,68.0,21.0,22.0,17.0,55.0
221797,23,66.0,51.0,37.0,27.0,57.0,63.0
224869,26,77.0,70.0,71.0,78.0,33.0,64.0
232805,23,76.0,69.0,74.0,71.0,43.0,64.0
177765,33,69.0,72.0,51.0,30.0,80.0,74.0
183141,28,43.0,66.0,28.0,20.0,25.0,54.0
205670,27,70.0,62.0,46.0,35.0,73.0,75.0
223334,21,69.0,84.0,63.0,45.0,61.0,70.0
159591,37,66.0,74.0,88.0,81.0,62.0,84.0
165735,36,40.0,72.0,32.0,23.0,35.0,56.0
198504,25,65.0,72.0,72.0,35.0,74.0,72.0
233064,19,74.0,46.0,38.0,45.0,60.0,70.0
49000,36,30.0,71.0,53.0,18.0,23.0,68.0
190824,26,85.0,68.0,72.0,69.0,42.0,68.0
210537,26,79.0,58.0,67.0,38.0,55.0,75.0
213353,27,85.0,57.0,63.0,48.0,76.0,82.0
193897,25,77.0,27.0,49.0,32.0,72.0,65.0
194665,29,78.0,84.0,89.0,82.0,37.0,62.0
216939,27,41.0,68.0,27.0,15.0,19.0,55.0
230507,26,83.0,77.0,67.0,40.0,74.0,83.0
235883,18,78.0,55.0,60.0,67.0,61.0,79.0
230252,26,74.0,66.0,72.0,76.0,61.0,67.0
239212,28,73.0,69.0,71.0,37.0,70.0,83.0
178284,31,65.0,60.0,63.0,43.0,76.0,73.0
240493,28,34.0,76.0,41.0,15.0,30.0,59.0
202350,28,82.0,74.0,73.0,51.0,71.0,74.0
226414,22,60.0,63.0,49.0,50.0,59.0,69.0
197231,25,65.0,78.0,58.0,20.0,77.0,70.0
214639,29,67.0,83.0,75.0,74.0,45.0,72.0
230767,20,86.0,76.0,90.0,69.0,68.0,67.0
190576,33,81.0,80.0,81.0,75.0,57.0,71.0
235634,22,90.0,66.0,70.0,71.0,41.0,77.0
224883,23,66.0,83.0,78.0,42.0,65.0,67.0
209781,31,78.0,67.0,71.0,74.0,63.0,64.0
230005,20,74.0,68.0,83.0,63.0,49.0,75.0
177525,32,75.0,77.0,70.0,55.0,52.0,74.0
198006,29,92.0,70.0,69.0,50.0,56.0,77.0
207734,23,70.0,35.0,38.0,40.0,65.0,76.0
209782,25,72.0,64.0,47.0,52.0,55.0,74.0
225144,24,60.0,36.0,40.0,29.0,68.0,79.0
236920,19,69.0,61.0,66.0,25.0,66.0,74.0
171896,31,74.0,75.0,64.0,74.0,55.0,75.0
231545,23,27.0,58.0,20.0,7.0,13.0,37.0
213114,25,68.0,66.0,64.0,34.0,75.0,69.0
222331,22,74.0,74.0,62.0,75.0,26.0,63.0
225659,23,75.0,81.0,83.0,78.0,53.0,65.0
222077,20,75.0,69.0,68.0,75.0,60.0,66.0
189053,30,74.0,74.0,50.0,14.0,77.0,75.0
221310,25,66.0,57.0,58.0,44.0,58.0,69.0
194174,26,55.0,67.0,54.0,59.0,66.0,68.0
200831,29,75.0,71.0,61.0,34.0,77.0,67.0
210047,26,69.0,77.0,72.0,76.0,78.0,70.0
238463,20,81.0,69.0,62.0,71.0,62.0,78.0
219777,26,70.0,76.0,80.0,75.0,48.0,65.0
170369,29,62.0,44.0,53.0,28.0,70.0,72.0
202882,26,67.0,71.0,64.0,34.0,56.0,62.0
230274,26,71.0,54.0,57.0,41.0,71.0,78.0
202115,28,78.0,65.0,74.0,69.0,60.0,71.0
217731,22,57.0,66.0,62.0,33.0,69.0,65.0
178051,29,87.0,80.0,80.0,71.0,48.0,70.0
194947,30,60.0,89.0,79.0,74.0,44.0,74.0
132740,33,44.0,68.0,31.0,27.0,20.0,58.0
216452,23,75.0,78.0,83.0,37.0,80.0,81.0
229764,21,66.0,65.0,68.0,35.0,71.0,72.0
190854,31,69.0,65.0,65.0,75.0,49.0,73.0
198023,28,88.0,70.0,80.0,74.0,48.0,67.0
179591,33,74.0,55.0,54.0,58.0,70.0,78.0
192904,30,73.0,82.0,80.0,75.0,51.0,70.0
165769,37,30.0,64.0,40.0,22.0,24.0,59.0
172425,33,52.0,89.0,82.0,79.0,19.0,64.0
176009,30,69.0,63.0,71.0,73.0,76.0,76.0
224394,24,63.0,65.0,71.0,44.0,70.0,84.0
188042,30,42.0,65.0,33.0,18.0,67.0,77.0
209547,28,67.0,78.0,80.0,72.0,35.0,70.0
164491,31,74.0,76.0,72.0,74.0,64.0,74.0
210828,23,69.0,76.0,76.0,75.0,35.0,75.0
213388,25,72.0,51.0,56.0,27.0,53.0,74.0
238476,19,61.0,87.0,75.0,70.0,30.0,68.0
188556,31,79.0,79.0,82.0,79.0,63.0,73.0
205966,24,79.0,50.0,55.0,42.0,58.0,69.0
210831,24,87.0,71.0,88.0,78.0,76.0,69.0
211856,23,67.0,78.0,69.0,74.0,48.0,60.0
219792,23,75.0,63.0,66.0,69.0,46.0,65.0
46736,37,39.0,68.0,74.0,84.0,49.0,73.0
193425,28,92.0,79.0,77.0,79.0,58.0,71.0
215698,22,28.0,76.0,17.0,24.0,15.0,55.0
231826,19,72.0,61.0,50.0,29.0,65.0,65.0
192146,31,74.0,65.0,65.0,76.0,70.0,65.0
208787,24,67.0,54.0,62.0,65.0,57.0,76.0
212883,23,86.0,82.0,82.0,74.0,51.0,69.0
152211,34,36.0,72.0,32.0,22.0,16.0,53.0
203668,27,78.0,64.0,40.0,21.0,75.0,71.0
199829,28,75.0,76.0,77.0,75.0,69.0,69.0
211093,25,90.0,67.0,73.0,70.0,56.0,78.0
219797,24,65.0,81.0,59.0,30.0,68.0,67.0
244373,25,78.0,34.0,47.0,75.0,49.0,73.0
184469,28,71.0,69.0,86.0,70.0,68.0,73.0
208534,24,56.0,83.0,69.0,75.0,32.0,65.0
227222,23,78.0,76.0,62.0,73.0,44.0,69.0
229270,22,65.0,74.0,77.0,77.0,41.0,68.0
202135,25,80.0,78.0,86.0,75.0,68.0,74.0
208535,25,80.0,72.0,86.0,79.0,44.0,76.0
215703,22,66.0,78.0,76.0,77.0,58.0,66.0
187800,30,79.0,68.0,76.0,73.0,68.0,76.0
225945,21,75.0,74.0,75.0,74.0,58.0,75.0
230042,21,70.0,67.0,62.0,67.0,42.0,72.0
176794,31,76.0,78.0,66.0,45.0,71.0,75.0
189338,28,72.0,60.0,56.0,30.0,61.0,73.0
237211,21,77.0,64.0,65.0,73.0,41.0,73.0
194203,30,69.0,77.0,80.0,76.0,41.0,67.0
183966,31,65.0,72.0,74.0,79.0,35.0,70.0
215199,28,72.0,67.0,55.0,33.0,64.0,77.0
225439,21,76.0,77.0,67.0,74.0,52.0,69.0
186783,30,74.0,68.0,55.0,61.0,68.0,73.0
235424,22,80.0,67.0,70.0,77.0,56.0,78.0
191648,29,66.0,76.0,66.0,73.0,54.0,70.0
193440,28,85.0,74.0,81.0,75.0,48.0,68.0
198817,28,78.0,46.0,72.0,78.0,62.0,72.0
211361,23,68.0,65.0,74.0,71.0,52.0,68.0
241827,22,77.0,60.0,62.0,70.0,38.0,59.0
194979,30,82.0,64.0,63.0,72.0,51.0,74.0
211108,25,78.0,66.0,63.0,50.0,63.0,74.0
214692,26,63.0,48.0,48.0,49.0,67.0,60.0
230564,23,77.0,53.0,65.0,55.0,62.0,65.0
232869,25,82.0,79.0,74.0,74.0,32.0,69.0
138918,33,74.0,70.0,76.0,73.0,51.0,76.0
205478,25,65.0,84.0,78.0,23.0,67.0,59.0
216742,28,71.0,81.0,63.0,78.0,47.0,75.0
169638,31,73.0,68.0,64.0,74.0,72.0,70.0
202151,24,70.0,72.0,85.0,64.0,46.0,66.0
226215,26,53.0,66.0,60.0,46.0,69.0,76.0
202408,28,69.0,90.0,79.0,72.0,38.0,60.0
235944,21,70.0,70.0,36.0,47.0,62.0,71.0
225193,22,68.0,74.0,73.0,75.0,58.0,68.0
176553,32,76.0,62.0,60.0,73.0,64.0,76.0
202410,28,44.0,52.0,27.0,11.0,18.0,56.0
229034,23,81.0,64.0,66.0,69.0,66.0,70.0
178090,30,63.0,63.0,54.0,31.0,40.0,68.0
214955,29,87.0,76.0,76.0,76.0,57.0,70.0
179884,31,82.0,60.0,69.0,73.0,58.0,70.0
216749,24,63.0,37.0,55.0,49.0,65.0,73.0
229037,25,72.0,65.0,42.0,40.0,65.0,63.0
168621,29,90.0,70.0,82.0,77.0,55.0,77.0
189357,30,44.0,70.0,45.0,30.0,20.0,58.0
200110,27,32.0,64.0,39.0,17.0,36.0,60.0
207790,23,68.0,77.0,75.0,74.0,47.0,75.0
210862,25,60.0,77.0,76.0,77.0,43.0,75.0
183982,30,66.0,76.0,52.0,32.0,75.0,74.0
212911,26,60.0,59.0,42.0,21.0,68.0,78.0
199601,25,79.0,78.0,74.0,73.0,66.0,74.0
136113,34,50.0,87.0,79.0,75.0,17.0,68.0
220337,25,76.0,85.0,79.0,74.0,41.0,70.0
188337,27,81.0,74.0,85.0,74.0,36.0,65.0
245682,26,71.0,54.0,57.0,41.0,71.0,78.0
206003,24,28.0,74.0,37.0,13.0,20.0,30.0
230323,34,41.0,81.0,36.0,22.0,19.0,67.0
245683,26,83.0,77.0,67.0,40.0,74.0,83.0
211124,27,65.0,59.0,42.0,45.0,69.0,72.0
214196,31,87.0,74.0,76.0,69.0,52.0,68.0
227508,24,73.0,69.0,69.0,76.0,78.0,65.0
194996,25,63.0,91.0,61.0,23.0,72.0,70.0
198581,30,66.0,83.0,76.0,79.0,32.0,70.0
202934,25,85.0,68.0,69.0,74.0,60.0,65.0
209846,25,85.0,76.0,83.0,72.0,44.0,67.0
211382,25,77.0,82.0,80.0,76.0,51.0,67.0
222390,22,79.0,54.0,72.0,69.0,46.0,62.0
225719,21,69.0,70.0,61.0,21.0,73.0,71.0
232119,22,67.0,78.0,81.0,71.0,52.0,59.0
213689,23,90.0,78.0,95.0,74.0,42.0,72.0
211899,27,77.0,78.0,80.0,35.0,66.0,69.0
205756,25,64.0,85.0,76.0,71.0,63.0,74.0
142780,34,66.0,78.0,81.0,75.0,72.0,75.0
161468,39,89.0,79.0,84.0,73.0,55.0,74.0
220093,24,86.0,72.0,71.0,65.0,47.0,67.0
215998,28,82.0,70.0,72.0,62.0,61.0,72.0
231102,20,63.0,60.0,64.0,57.0,65.0,68.0
235454,19,79.0,79.0,68.0,74.0,44.0,78.0
146111,33,79.0,76.0,72.0,78.0,60.0,82.0
234943,21,75.0,58.0,57.0,59.0,49.0,74.0
124607,33,66.0,65.0,60.0,62.0,84.0,75.0
149184,36,79.0,77.0,72.0,67.0,57.0,78.0
196801,29,74.0,79.0,78.0,75.0,38.0,75.0
149185,33,69.0,70.0,85.0,79.0,57.0,82.0
219841,24,79.0,73.0,75.0,76.0,37.0,73.0
207554,26,88.0,64.0,68.0,38.0,63.0,77.0
207555,25,63.0,83.0,80.0,77.0,34.0,63.0
211907,30,90.0,75.0,83.0,68.0,62.0,72.0
210372,26,68.0,61.0,50.0,27.0,68.0,74.0
213956,22,75.0,83.0,54.0,29.0,47.0,70.0
222148,23,78.0,55.0,60.0,26.0,56.0,78.0
224196,23,77.0,79.0,83.0,75.0,43.0,71.0
212933,29,69.0,90.0,77.0,32.0,62.0,68.0
241095,20,71.0,66.0,63.0,26.0,66.0,66.0
188103,27,69.0,73.0,65.0,50.0,69.0,69.0
201417,26,89.0,73.0,73.0,69.0,48.0,67.0
204233,21,60.0,41.0,32.0,21.0,55.0,66.0
210377,25,66.0,65.0,42.0,28.0,56.0,68.0
165321,32,78.0,72.0,80.0,76.0,62.0,73.0
221130,24,36.0,76.0,37.0,15.0,23.0,57.0
135883,33,55.0,77.0,75.0,72.0,44.0,71.0
230348,26,81.0,62.0,75.0,73.0,55.0,68.0
188876,32,55.0,66.0,76.0,75.0,52.0,72.0
190156,29,77.0,71.0,87.0,83.0,50.0,71.0
197837,27,77.0,90.0,77.0,73.0,13.0,55.0
198861,26,77.0,68.0,78.0,74.0,55.0,70.0
217805,25,35.0,65.0,25.0,27.0,23.0,35.0
228302,22,75.0,69.0,58.0,48.0,64.0,65.0
182736,35,41.0,67.0,35.0,21.0,24.0,48.0
3281,34,54.0,78.0,75.0,76.0,66.0,82.0
204497,24,77.0,60.0,50.0,35.0,49.0,68.0
210897,23,68.0,83.0,73.0,72.0,31.0,68.0
201938,23,71.0,56.0,61.0,48.0,46.0,71.0
175314,29,70.0,77.0,76.0,74.0,48.0,78.0
208339,28,74.0,72.0,64.0,35.0,67.0,67.0
215251,26,40.0,63.0,27.0,28.0,28.0,43.0
220883,22,69.0,68.0,67.0,35.0,66.0,77.0
190931,31,66.0,84.0,70.0,73.0,69.0,75.0
236245,22,73.0,72.0,68.0,33.0,65.0,68.0
174549,32,64.0,60.0,50.0,60.0,72.0,76.0
213974,28,78.0,69.0,78.0,77.0,58.0,68.0
